protein_extract_24d_scans_sample1,protein_extract_24d_scans_sample2,protein_extract_24d_scans_sample3
0.0005725,0.000435,0.0008975000000000001
0.000505,0.0004825,0.00073
0.0004225,0.000405,0.0004475
0.0003725,0.00023750000000000003,0.000185
0.00025749999999999997,0.00013250000000000002,2.25e-05
0.000105,0.0001975,5.5e-05
0.000125,0.00043999999999999996,0.00024500000000000005
0.00029,0.0006000000000000001,0.0004375
0.00038749999999999993,0.0004975,0.0005675
0.00047250000000000005,0.00041,0.0006825
0.0006875,0.000545,0.0007825
0.0008625,0.0006575000000000001,0.0007899999999999999
0.0007825,0.0006275,0.000675
0.000645,0.0006425000000000001,0.0005775
0.0006425,0.0006675000000000001,0.0005325000000000001
0.0006975,0.0006225,0.0005099999999999999
0.0007750000000000001,0.0007275000000000001,0.0006675
0.00097,0.00098,0.0010025000000000001
0.001145,0.0010125,0.0011275
0.001075,0.0007375,0.0008825
0.0008775,0.0005175,0.0006175
0.0007624999999999999,0.000665,0.00067
0.0008049999999999999,0.0010725,0.001025
0.0010350000000000001,0.0014475,0.0014425
0.0012525000000000001,0.0015024999999999997,0.0015875
0.0012325,0.001235,0.0013375
0.0011475,0.0010500000000000002,0.001065
0.0011275,0.0010574999999999998,0.0009525
0.0010225,0.0009975,0.0007775
0.0009525,0.0009475,0.00067
0.0010899999999999998,0.001095,0.000915
0.0012974999999999998,0.0013275000000000001,0.00131
0.0012725000000000002,0.0013700000000000001,0.0014425
0.0009425,0.0011424999999999999,0.0013049999999999997
0.00058,0.0009,0.0011675000000000001
0.0005924999999999999,0.0008749999999999999,0.00123
0.00102,0.0010875,0.0015325
0.0013,0.0011575000000000001,0.001635
0.001105,0.0009149999999999999,0.0012625000000000002
0.0009200000000000001,0.0007575,0.0009525
0.0009475,0.0008025,0.0010175
0.0008424999999999999,0.0007125,0.0009975000000000001
0.0006525000000000001,0.0005125,0.0007425
0.0006850000000000001,0.00053,0.0005625000000000001
0.0009675,0.00086,0.0006225
0.0012025,0.00122,0.000835
0.0010975,0.0012425000000000001,0.0009475
0.00087,0.0009599999999999999,0.000945
0.0008500000000000001,0.0007149999999999999,0.0009824999999999999
0.0009674999999999999,0.0006975,0.001
0.0011775,0.0009774999999999999,0.001115
0.001445,0.001385,0.0014824999999999999
0.0014500000000000001,0.0013925,0.0016625
0.0011,0.0010400000000000001,0.0014374999999999998
0.000845,0.0009375000000000001,0.0013
0.0010825,0.0012025,0.00146
0.001585,0.0014449999999999999,0.00169
0.0018974999999999999,0.00152,0.0019450000000000001
0.00199,0.0014949999999999998,0.0020924999999999997
0.0020399999999999997,0.0015075000000000002,0.0020299999999999997
0.001865,0.0014175,0.0016775
0.0012575,0.0009774999999999999,0.00109
0.0006399999999999999,0.0005675,0.0007149999999999999
0.00043,0.0005875,0.0007700000000000001
0.00045000000000000004,0.0007624999999999999,0.0010125
0.0005225000000000001,0.00085,0.00118
0.000615,0.0009299999999999999,0.0011525
0.0006175,0.0010175000000000002,0.000895
0.00045,0.0008424999999999999,0.000445
0.000285,0.00053,0.0002625
0.0005,0.0006775,0.0008649999999999999
0.0008374999999999999,0.00102,0.0014125
0.000995,0.0011275,0.0014675
0.00108,0.0011925,0.00146
0.0011649999999999998,0.0012599999999999998,0.0014600000000000001
0.0011925000000000002,0.0011125,0.0012050000000000001
0.0011025000000000002,0.0008025,0.0007650000000000001
0.0009325000000000001,0.000555,0.0005625000000000001
0.0008875,0.00046249999999999997,0.0007925000000000001
0.0009824999999999999,0.0005,0.0011225
0.0011350000000000002,0.0006724999999999999,0.0012575
0.0013125,0.0009375,0.0012324999999999999
0.0014349999999999999,0.0011075,0.001185
0.0013974999999999999,0.0010500000000000002,0.0011550000000000002
0.0011175,0.00101,0.0011275
0.0008100000000000001,0.0013025,0.0012525
0.000955,0.00169,0.0014825
0.0013975,0.0017924999999999998,0.0014925
0.0016525,0.00177,0.00149
0.0017025,0.00172,0.001625
0.00172,0.0015475,0.00165
0.0016925,0.001315,0.0015
0.0016475,0.0012374999999999999,0.0013625
0.00153,0.001215,0.0011975000000000002
0.0013125,0.00117,0.0009549999999999999
0.0012125,0.0012925,0.0010175
0.0012175,0.001415,0.0013150000000000002
0.00122,0.0014825,0.001505
0.0013525,0.0016150000000000001,0.001645
0.00162,0.0016825,0.001725
0.0017475,0.0015975,0.0016975000000000002
0.00161,0.0013675000000000002,0.0015574999999999999
0.0014475,0.0011675,0.00149
0.0014175000000000001,0.001075,0.0015975
0.001415,0.000915,0.00156
0.0014125,0.0008274999999999999,0.0013475
0.0015625,0.0010575,0.0014075
0.0018050000000000002,0.001365,0.0017599999999999998
0.0018825,0.00136,0.0019175
0.0017475000000000001,0.0010975,0.0016675000000000001
0.001565,0.00098,0.0013275000000000001
0.00151,0.0012224999999999998,0.00126
0.0016925,0.00157,0.0015
0.0020475,0.0017325,0.0018249999999999998
0.00219,0.001505,0.00176
0.001975,0.0010225,0.00132
0.00163,0.0007525,0.0010225
0.0012824999999999998,0.0007974999999999999,0.000905
0.00093,0.001005,0.0007650000000000001
0.0009375000000000001,0.0014625,0.001
0.0013700000000000001,0.001875,0.0016375
0.001675,0.0019125000000000001,0.00184
0.0020675,0.0022325,0.0020125
0.0026875,0.002915,0.002565
0.0029950000000000003,0.00309,0.0028150000000000002
0.00284,0.0027749999999999997,0.0026575
0.0023,0.0024925,0.0025275
0.00151,0.0022849999999999997,0.0025725
0.0010175,0.001925,0.0025900000000000003
0.0012075,0.00162,0.0023975
0.0016475,0.0014675,0.0019475
0.001915,0.00134,0.0015474999999999998
0.0019825,0.0012925,0.0015599999999999998
0.0020325,0.00139,0.0017824999999999998
0.0021775,0.0016150000000000001,0.0019749999999999998
0.0022449999999999996,0.0018325000000000001,0.0020225
0.0019775,0.0016350000000000002,0.0016675
0.0013775,0.00106,0.0010475
0.0010249999999999999,0.0008700000000000001,0.0009574999999999999
0.001475,0.001425,0.0017274999999999999
0.0021275,0.002,0.0023725
0.0025399999999999997,0.0022275000000000003,0.0024975
0.00272,0.0023425,0.0024375000000000004
0.002605,0.0023425000000000004,0.00235
0.0023925,0.002205,0.0023075
0.00238,0.002115,0.0023225
0.0024525000000000003,0.002095,0.002235
0.002455,0.0020975,0.0020100000000000005
0.00253,0.0021425000000000003,0.0019549999999999997
0.0026825,0.002205,0.0022424999999999997
0.0027599999999999994,0.0021575,0.002505
0.0027275000000000003,0.0020825,0.002465
0.0026925,0.0022099999999999997,0.00236
0.0026024999999999998,0.0024324999999999998,0.0022900000000000004
0.0023975000000000003,0.0024275,0.00217
0.0021574999999999997,0.0022424999999999997,0.0020724999999999997
0.0020800000000000003,0.002205,0.002265
0.0023675000000000002,0.0025025000000000004,0.002705
0.0029224999999999998,0.0030350000000000004,0.0032325
0.0034,0.0036325,0.003835
0.0035250000000000004,0.0039475000000000005,0.0040225
0.003505,0.00394,0.0038275
0.0036475,0.0038900000000000002,0.0038975000000000004
0.004027500000000001,0.003985,0.0043375
0.00442,0.0042825,0.004735
0.0046875,0.004735,0.0050375
0.0048874999999999995,0.005152500000000001,0.00535
0.0051975,0.0055175,0.00557
0.00567,0.006082499999999999,0.0058674999999999995
0.0059924999999999996,0.0066549999999999995,0.006495
0.0061,0.006875,0.007112500000000001
0.006205,0.006965,0.0073375
0.006285000000000001,0.00717,0.0074025
0.0063525,0.007565,0.007685
0.006560000000000001,0.0080275,0.008185
0.006975,0.00839,0.008687499999999999
0.0072875,0.008462500000000001,0.0089425
0.00716,0.008255,0.00878
0.006975,0.0084375,0.0088475
0.0075775,0.009577500000000001,0.00995
0.008615,0.010905,0.01115
0.0091975,0.0116425,0.0114575
0.009175,0.011852499999999998,0.011252499999999999
0.008865,0.011817499999999998,0.011305
0.0089,0.011895,0.011965
0.009492500000000001,0.012289999999999999,0.012915
0.010284999999999999,0.013027500000000001,0.01391
0.0109425,0.01398,0.014875
0.011407500000000001,0.0148975,0.0156825
0.011725,0.0156025,0.0162775
0.011969999999999998,0.015960000000000002,0.0165675
0.012209999999999999,0.0160525,0.016605
0.012477499999999999,0.016125,0.016665
0.0130825,0.01648,0.017155
0.0140275,0.01729,0.018165
0.014780000000000001,0.018215,0.0192425
0.015075,0.0189375,0.01997
0.01515,0.0194275,0.020384999999999997
0.015182500000000002,0.01993,0.02089
0.015335000000000001,0.0205825,0.021570000000000002
0.015585,0.0210175,0.0219525
0.0156875,0.02101,0.022002499999999998
0.01581,0.0210425,0.022245
0.0162975,0.0215975,0.0228975
0.0169375,0.0224275,0.023605
0.0174475,0.0230275,0.0241025
0.0179,0.023332500000000003,0.02449
0.018277500000000002,0.0235775,0.0248875
0.0183275,0.0238725,0.025365000000000002
0.0180575,0.024212499999999998,0.02586
0.01804,0.024625,0.026167500000000003
0.01848,0.02514,0.0264075
0.0190025,0.0257,0.026792499999999997
0.019467500000000002,0.026334999999999997,0.02738
0.0200125,0.0270425,0.027985
0.020460000000000002,0.027594999999999998,0.0283625
0.02055,0.027887500000000003,0.028614999999999998
0.02055,0.02821,0.0291225
0.020950000000000003,0.028925,0.030095
0.021765,0.029932499999999997,0.03127
0.0225125,0.030715,0.03208
0.022867500000000002,0.031102499999999998,0.032415
0.02299,0.031352500000000005,0.032645
0.023202499999999997,0.031697499999999997,0.03311
0.023615,0.03223,0.0338525
0.024095,0.0328725,0.03456
0.024484999999999996,0.033447500000000005,0.035032499999999994
0.0246975,0.0338225,0.0353225
0.024815,0.034,0.035595
0.02504,0.0342675,0.036045
0.0254125,0.034795,0.036680000000000004
0.02567,0.035295,0.037165000000000004
0.025724999999999998,0.0356225,0.037434999999999996
0.0259425,0.0361375,0.037899999999999996
0.02647,0.0368775,0.03855
0.027045,0.03742,0.0390275
0.027467500000000002,0.037610000000000005,0.0394375
0.0277275,0.037695,0.0399525
0.0278475,0.037895,0.04032
0.0279975,0.0382825,0.0405675
0.0283425,0.0389675,0.0410925
0.028712500000000002,0.03968,0.04173
0.028962500000000002,0.0400325,0.04207999999999999
0.029182499999999997,0.0401775,0.0422575
0.0294825,0.0404775,0.0425375
0.029887500000000004,0.040955,0.043047499999999995
0.030287500000000002,0.04145750000000001,0.043657499999999995
0.030555000000000002,0.041944999999999996,0.0441475
0.0307125,0.0423925,0.044497499999999995
0.0308675,0.042845,0.044835
0.031195,0.043545,0.04542
0.031645,0.044225,0.0461375
0.031885,0.0444025,0.04653499999999999
0.031865,0.044317499999999996,0.0466275
0.03191,0.044435,0.04679
0.032155,0.044795,0.047077499999999994
0.0325,0.045285,0.04738
0.0329725,0.045945,0.047920000000000004
0.033444999999999996,0.04657,0.048605
0.0336775,0.0469225,0.0490825
0.03385,0.04728,0.049457499999999995
0.0341675,0.0476975,0.049909999999999996
0.0344825,0.047909999999999994,0.05031
0.0346675,0.0481225,0.050555
0.03466999999999999,0.048464999999999994,0.0505875
0.0346225,0.048705,0.0505525
0.03475,0.04886000000000001,0.0508325
0.0349825,0.04908,0.0513325
0.0351675,0.049325,0.05169749999999999
0.035362500000000005,0.049607500000000006,0.0520775
0.03568,0.05000500000000001,0.05269
0.036135,0.0505275,0.0533125
0.036525,0.05108,0.05371
0.036750000000000005,0.051590000000000004,0.053965
0.036905,0.0520225,0.05426
0.0370675,0.0522525,0.054587500000000004
0.037315,0.052395,0.0548475
0.0375575,0.05253,0.05498
0.0376825,0.0527225,0.055232500000000004
0.0377775,0.0530475,0.055627499999999996
0.0379075,0.053309999999999996,0.05584
0.03818,0.0535475,0.0560125
0.038505,0.0539225,0.056334999999999996
0.038675,0.0542875,0.05679000000000001
0.038715,0.0545,0.0572625
0.03877,0.05452,0.0574375
0.038865,0.054505,0.0573625
0.03895,0.0546475,0.0574475
0.039105,0.0550075,0.057822500000000006
0.03946,0.0554225,0.058285
0.03975,0.0556325,0.0586075
0.0397525,0.055654999999999996,0.058795
0.0397475,0.055757499999999995,0.0590625
0.0398325,0.055995,0.0593075
0.0398675,0.0562575,0.0594025
0.0398425,0.056435,0.05935249999999999
0.039729999999999994,0.0566275,0.059324999999999996
0.039580000000000004,0.056827499999999996,0.05946
0.0396775,0.056984999999999994,0.059770000000000004
0.0400625,0.0572,0.06013
0.040245,0.057385,0.06029
0.0401725,0.0575225,0.06033
0.0402125,0.057777499999999996,0.0605575
0.040287500000000004,0.0579675,0.0608275
0.0402575,0.057845,0.060837499999999996
0.04037500000000001,0.057835,0.060857499999999995
0.040635,0.058247499999999994,0.061105
0.0407175,0.058570000000000004,0.06129
0.040745,0.058620000000000005,0.0614325
0.040995000000000004,0.0587775,0.061712499999999997
0.0412975,0.059054999999999996,0.0619875
0.041455,0.0591975,0.062147499999999994
0.0414725,0.0591675,0.0622575
0.0414225,0.0591575,0.0623125
0.04115,0.059085,0.062075000000000005
0.04067,0.058800000000000005,0.061669999999999996
0.04043,0.058652499999999996,0.0616225
0.0406325,0.058870000000000006,0.06198000000000001
0.040984999999999994,0.05913,0.062337500000000004
0.041125,0.0591825,0.062314999999999995
0.041054999999999994,0.059082499999999996,0.06205
0.0409975,0.05899,0.06206
0.0410325,0.059015,0.062294999999999996
0.040959999999999996,0.059035000000000004,0.06229
0.04073499999999999,0.05904,0.0621875
0.040665,0.0590875,0.06225749999999999
0.0407775,0.059137499999999996,0.062295
0.0408675,0.0593225,0.0623475
0.0408875,0.0596975,0.0625875
0.0408475,0.059969999999999996,0.0627925
0.040745,0.059925000000000006,0.0627825
0.040655,0.059655,0.06265
0.0406225,0.05938499999999999,0.062515
0.0406975,0.059394999999999996,0.06253
0.04088,0.059640000000000006,0.062695
0.0409675,0.0598225,0.06286
0.041010000000000005,0.06001250000000001,0.06303500000000001
0.041232500000000005,0.0603625,0.06325
0.0414325,0.060515,0.0633475
0.0413175,0.060312500000000005,0.0633275
0.04102,0.060145000000000004,0.06327
0.0407775,0.060095,0.0631675
0.0407125,0.0600125,0.06311749999999999
0.040695,0.0599625,0.063095
0.040625,0.060050000000000006,0.06314
0.0408175,0.060344999999999996,0.063445
0.04113,0.060605000000000006,0.063655
0.041034999999999995,0.0605175,0.06339
0.040845,0.06033250000000001,0.06312999999999999
0.04102,0.060412499999999994,0.0633775
0.041185,0.06055250000000001,0.06382
0.041025,0.0605,0.063945
0.04082,0.06035,0.0637
0.040775,0.060247499999999996,0.0633375
0.0407675,0.0602225,0.06312000000000001
0.040715,0.0602575,0.063165
0.04067,0.060345,0.0633075
0.0407975,0.060524999999999995,0.063485
0.0410425,0.060590000000000005,0.06368
0.040965,0.060247499999999996,0.063675
0.04063,0.05988,0.0634725
0.0404775,0.059985000000000004,0.06335
0.040535,0.0603925,0.06341
0.0405775,0.0607025,0.063555
0.0404875,0.060645000000000004,0.063605
0.0402125,0.060295,0.0634275
0.0400525,0.06011,0.063295
0.040147499999999996,0.060117500000000004,0.063405
0.04023,0.06009249999999999,0.06347
0.04025,0.0601375,0.0633625
0.0402525,0.06017,0.063165
0.04027,0.060125,0.06308
0.040305,0.06019,0.063215
0.0402475,0.06029,0.0633375
0.04013,0.06012000000000001,0.063275
0.0400325,0.0597525,0.0630275
0.0398825,0.05946,0.06266999999999999
0.0396525,0.05935,0.062415000000000005
0.039502499999999996,0.059315,0.0624175
0.039515,0.0592125,0.062445
0.0394925,0.059082499999999996,0.062314999999999995
0.039305,0.05891249999999999,0.0621025
0.0390725,0.058595,0.061810000000000004
0.03894,0.058320000000000004,0.06163
0.038995,0.05838499999999999,0.061674999999999994
0.039025,0.0585625,0.061642499999999996
0.03898,0.05865,0.061595
0.0391025,0.0587925,0.06179
0.039162499999999996,0.058762499999999995,0.0618975
0.0388625,0.058320000000000004,0.0616125
0.0384775,0.0577525,0.06111
0.0382975,0.0574925,0.060649999999999996
0.0383225,0.057685,0.060520000000000004
0.038377499999999995,0.057969999999999994,0.0606425
0.03832,0.057940000000000005,0.0606375
0.038155,0.0577125,0.06045249999999999
0.0378,0.05735,0.060085
0.0372875,0.056895,0.059585
0.036965,0.056607500000000005,0.0592875
0.036977499999999996,0.05654,0.05931500000000001
0.03716,0.056495000000000004,0.0594425
0.037344999999999996,0.056325,0.0593575
0.03743,0.056225,0.059074999999999996
0.0373075,0.05632500000000001,0.058839999999999996
0.03693,0.0561875,0.05855250000000001
0.0364225,0.055592499999999996,0.05809
0.0361425,0.055130000000000005,0.0577975
0.03629,0.05520750000000001,0.0578975
0.036477499999999996,0.055415,0.058045
0.0363875,0.055314999999999996,0.05796
0.0361125,0.054995,0.057682500000000005
0.03579,0.054677500000000004,0.057365
0.0356275,0.0544775,0.057225
0.035775,0.054419999999999996,0.0572275
0.03584,0.0543625,0.057205000000000006
0.0355375,0.054180000000000006,0.057005
0.03515,0.0538925,0.0565875
0.0348775,0.0535075,0.05608
0.034667500000000004,0.053085,0.055682499999999996
0.034455,0.052745,0.0553875
0.0342775,0.05249499999999999,0.05516
0.03422750000000001,0.0522825,0.054995
0.034195,0.05216,0.05487
0.0340325,0.052135,0.054825
0.0337825,0.05203,0.0547575
0.0335675,0.051765,0.0544775
0.0333175,0.0513625,0.054055000000000006
0.032975000000000004,0.0509,0.053595
0.0328,0.050625,0.053255
0.032882499999999995,0.050597500000000004,0.0531575
0.0329775,0.05061,0.053192500000000004
0.0328425,0.0505275,0.05308500000000001
0.03249,0.050335,0.05272
0.0321825,0.0500375,0.052267499999999995
0.031995,0.0496075,0.051879999999999996
0.03182,0.049257499999999996,0.05165
0.031775,0.0491375,0.05162750000000001
0.03188,0.04909,0.0515825
0.0318075,0.0489125,0.0513075
0.031497500000000005,0.048530000000000004,0.0508875
0.031232499999999996,0.0480775,0.050477499999999995
0.031084999999999998,0.0477525,0.050135
0.030915,0.047577499999999995,0.049875
0.0307225,0.047424999999999995,0.049729999999999996
0.030615,0.047197499999999996,0.049595
0.030555,0.046925,0.049327499999999996
0.030364999999999996,0.046655,0.048897499999999997
0.029975,0.046412499999999995,0.048455000000000005
0.029644999999999998,0.046217499999999995,0.048165
0.029609999999999997,0.046060000000000004,0.0480525
0.029725,0.045884999999999995,0.047985
0.029582499999999998,0.04553,0.0477025
0.0292125,0.04509,0.04724
0.029054999999999997,0.0448875,0.046990000000000004
0.0291075,0.0448375,0.0468625
0.0290275,0.044655,0.04659
0.028810000000000002,0.0443075,0.046322499999999996
0.028602500000000003,0.04395,0.046102500000000005
0.028472499999999998,0.0436875,0.0458
0.028305,0.043445000000000004,0.045477500000000004
0.028055,0.04317750000000001,0.0452275
0.02783,0.042935,0.04499
0.0276375,0.0426425,0.0447325
0.02746,0.04229,0.044485000000000004
0.0273625,0.04209,0.0442125
0.0273475,0.0420875,0.0439975
0.0273175,0.0420975,0.043925000000000006
0.0271575,0.041902499999999995,0.043745
0.026855,0.041499999999999995,0.0433025
0.026632500000000003,0.041095,0.04283
0.02649,0.04064,0.0424
0.026125,0.04004,0.0419325
0.025660000000000002,0.039599999999999996,0.041527499999999995
0.025467499999999997,0.0394775,0.041285
0.02548,0.0393675,0.041107500000000005
0.025419999999999998,0.0391725,0.0409075
0.0251725,0.038915,0.040604999999999995
0.024905,0.0385625,0.0402775
0.0248,0.038265,0.0400825
0.0247625,0.0381125,0.03998
0.024652499999999997,0.0379725,0.03982
0.0243875,0.037635,0.03952
0.0241275,0.0372975,0.0391925
0.024092500000000003,0.0371625,0.0389275
0.024122499999999998,0.0369625,0.038615
0.0241025,0.036712499999999995,0.0383525
0.024050000000000002,0.036702500000000006,0.038322499999999995
0.023955,0.03676,0.0383575
0.02385,0.0365525,0.0381875
0.023725,0.0361525,0.0378175
0.0234525,0.035775,0.037407499999999996
0.023107499999999996,0.035512499999999995,0.037157499999999996
0.0229575,0.03542,0.03721
0.022965,0.0354375,0.037385
0.02296,0.035425,0.03739
0.02292,0.0352875,0.0371025
0.02286,0.035105,0.03679
0.022787500000000002,0.034975,0.036754999999999996
0.0226975,0.0348875,0.03672
0.022602499999999998,0.0347325,0.036492500000000004
0.022465,0.0344375,0.036295
0.0223125,0.0341975,0.036207500000000004
0.0223475,0.03421250000000001,0.0362275
0.022515,0.0343325,0.03625250000000001
0.022665,0.0343725,0.036185
0.022735,0.034435,0.03615
0.0226075,0.0344775,0.0361875
0.0224725,0.034435,0.03627
0.022459999999999997,0.034437499999999996,0.0364
0.0224775,0.034505,0.03643249999999999
0.0225975,0.034570000000000004,0.0363225
0.02275,0.0346775,0.0362225
0.0228,0.0347375,0.036210000000000006
0.022835,0.034597499999999996,0.0361875
0.0228775,0.034417500000000004,0.036172499999999996
0.022850000000000002,0.034315,0.0361925
0.0228125,0.03418499999999999,0.0361
0.022822500000000003,0.0341325,0.035960000000000006
0.0226675,0.034045,0.0358275
0.022369999999999998,0.033675,0.0356
0.022235,0.0333025,0.0354225
0.022330000000000003,0.033255,0.0354325
0.022442499999999997,0.0333675,0.0353825
0.022402500000000002,0.0333625,0.035152499999999996
0.0222775,0.0332025,0.03496
0.0219525,0.03287,0.034695000000000004
0.02151,0.0325525,0.0343625
0.0213575,0.0324975,0.0343325
0.0213525,0.032375,0.03435
0.021097499999999998,0.0319625,0.034015000000000004
0.0206525,0.0314925,0.0335375
0.0203375,0.0311725,0.0332125
0.0203325,0.03111,0.0331375
0.0205225,0.031219999999999998,0.0331875
0.0205825,0.03127,0.033115000000000006
0.020464999999999997,0.031245,0.0330025
0.0204225,0.031184999999999997,0.032955
0.020499999999999997,0.031045000000000003,0.032885
0.02047,0.0308,0.0327175
0.020275,0.0305525,0.03249
0.020125,0.03049,0.0324325
0.02009,0.0304975,0.0325025
0.02005,0.0303325,0.0323775
0.0199675,0.0300675,0.0321175
0.019805000000000003,0.0298775,0.0319025
0.019647500000000002,0.0298525,0.0317525
0.019639999999999998,0.029875,0.031695
0.0196575,0.0298125,0.031655
0.0195625,0.0296975,0.031525
0.0193175,0.0294625,0.0312575
0.0191575,0.0292125,0.031037500000000003
0.019200000000000002,0.0291,0.0309825
0.019115,0.02895,0.0308
0.0188075,0.028610000000000003,0.0304175
0.018550000000000004,0.0283175,0.03015
0.0184825,0.028255,0.0300975
0.0184225,0.0282025,0.0300425
0.018257500000000003,0.028,0.029832499999999998
0.018085,0.0277,0.029507500000000002
0.0180725,0.027495000000000002,0.0293
0.0181375,0.027395000000000003,0.029247500000000003
0.0179775,0.0272325,0.029060000000000002
0.017677500000000002,0.027057499999999998,0.028815
0.017565,0.02701,0.028679999999999997
0.01756,0.026955,0.028489999999999998
0.017490000000000002,0.026824999999999998,0.028257499999999998
0.017465,0.026755,0.028239999999999998
0.017455,0.0266825,0.028257499999999998
0.0173075,0.02649,0.027962499999999998
0.0170875,0.02616,0.02751
0.0168675,0.025805,0.0271925
0.016715,0.025575,0.0270775
0.01666,0.025475,0.0270875
0.0165775,0.02541,0.0270475
0.016425,0.025292500000000002,0.0268375
0.01635,0.025212500000000002,0.0266625
0.01635,0.0251975,0.0266575
0.01628,0.0250825,0.02659
0.0161125,0.02487,0.02637
0.016024999999999998,0.024689999999999997,0.02618
0.0160275,0.024535,0.0260475
0.015945,0.0243175,0.02584
0.015865,0.0240875,0.0256625
0.015865,0.0239725,0.0256275
0.015774999999999997,0.02392,0.0255875
0.015605,0.02388,0.0255225
0.015435,0.0237775,0.025432500000000004
0.0152625,0.023577499999999998,0.025224999999999997
0.015229999999999999,0.023452499999999998,0.025035
0.0154175,0.02352,0.025007500000000002
0.0156325,0.02366,0.0250475
0.01562,0.023585000000000002,0.02497
0.0153925,0.0232225,0.024702500000000002
0.015175000000000001,0.0228625,0.0244325
0.015072499999999999,0.022722500000000003,0.0243675
0.0150525,0.022705,0.024369999999999996
0.01505,0.0227625,0.024319999999999998
0.0150225,0.0228775,0.02427
0.014905,0.022762499999999998,0.0240525
0.014700000000000001,0.022427500000000003,0.023677499999999997
0.0145325,0.02223,0.023495000000000002
0.014395,0.0221425,0.0235175
0.01432,0.02206,0.0235125
0.014357499999999999,0.02203,0.023435
0.014345,0.0219475,0.02332
0.0141525,0.021725,0.023087499999999997
0.013875,0.021425,0.022735
0.0137775,0.0212125,0.0224525
0.013865,0.021155,0.022415
0.0139775,0.021185000000000002,0.0225425
0.0140675,0.0212325,0.022677500000000003
0.0140775,0.021162499999999997,0.022684999999999997
0.013955,0.0209475,0.0225075
0.013785000000000002,0.020752500000000004,0.0222875
0.013617500000000001,0.02056,0.0220575
0.013480000000000002,0.020337499999999998,0.021777499999999998
0.0134575,0.020215,0.021642500000000002
0.0134525,0.0201225,0.0216075
0.0133325,0.0199875,0.021464999999999998
0.0132125,0.0198875,0.021267499999999998
0.0132125,0.019837499999999997,0.02119
0.013219999999999999,0.019755,0.021207499999999997
0.013097499999999998,0.01962,0.021067499999999996
0.013017500000000001,0.0195475,0.02084
0.013094999999999999,0.019569999999999997,0.0207775
0.013094999999999999,0.019495,0.020770000000000004
0.012885,0.019257499999999997,0.020595000000000002
0.0126875,0.0189875,0.0203675
0.01257,0.0187925,0.0202175
0.0125025,0.0187125,0.020059999999999998
0.012570000000000001,0.018775,0.0200175
0.012565,0.018734999999999998,0.019995
0.012345,0.018455,0.0197525
0.012137499999999999,0.01816,0.0194325
0.0120975,0.0180525,0.01929
0.0122175,0.018092499999999997,0.0193075
0.012302500000000001,0.018055,0.0192675
0.012235,0.017910000000000002,0.019147499999999998
0.0121275,0.01778,0.019014999999999997
0.011980000000000001,0.01753,0.01878
0.011760000000000001,0.017175000000000003,0.0184825
0.0116175,0.0170525,0.018320000000000003
0.0116725,0.0171725,0.018365
0.0118425,0.0172125,0.018430000000000002
0.0119775,0.0171525,0.01841
0.011895,0.01702,0.0182225
0.01166,0.01679,0.017917500000000003
0.0115175,0.01666,0.017750000000000002
0.0114575,0.01669,0.0177175
0.01149,0.016765,0.01773
0.0115875,0.016745,0.0177275
0.0115425,0.0164725,0.0174875
0.011365,0.0161875,0.017085
0.011282499999999999,0.016155,0.01685
0.011282499999999999,0.01607,0.016715
0.0111325,0.015710000000000002,0.016475
0.0108775,0.01537,0.0162525
0.010775,0.01533,0.0161875
0.010777499999999999,0.015380000000000001,0.01617
0.01073,0.0152725,0.016112500000000002
0.0107475,0.0152625,0.016202499999999998
0.0107875,0.01539,0.0163675
0.0107875,0.0152925,0.016302499999999998
0.010742499999999999,0.014957499999999999,0.01602
0.0105525,0.014705000000000001,0.0157625
0.010400000000000001,0.014555,0.0155875
0.0103675,0.0142875,0.0153575
0.0103225,0.0140225,0.015152500000000001
0.01017,0.0138975,0.014915000000000001
0.00986,0.013732500000000002,0.014520000000000002
0.00968,0.0136025,0.0143025
0.0098225,0.013715,0.014404999999999998
0.0099275,0.013812499999999998,0.014502500000000002
0.009875,0.01364,0.0145025
0.0098525,0.013545,0.014502500000000002
0.0096475,0.0135425,0.014320000000000001
0.0092075,0.01329,0.013902500000000002
0.0089375,0.0129,0.0136575
0.0089975,0.0126375,0.013742500000000001
0.009105,0.012575,0.0137275
0.00912,0.012580000000000001,0.013395
0.0091275,0.012515000000000002,0.013107500000000001
0.0091175,0.012424999999999999,0.0130925
0.0089525,0.012267499999999999,0.013065
0.0086875,0.011994999999999999,0.012934999999999999
0.008672500000000001,0.01186,0.012969999999999999
0.008942499999999999,0.011967499999999999,0.0131
0.009094999999999999,0.012085000000000002,0.0130475
0.0090225,0.012204999999999999,0.012982500000000001
0.0089,0.0123925,0.0130575
0.008847500000000001,0.0125125,0.0130175
0.00893,0.012535,0.01294
0.0090025,0.012522499999999999,0.01302
0.008917499999999998,0.012367500000000002,0.012895
0.0090175,0.012280000000000001,0.012715
0.009430000000000001,0.012535,0.012915
0.00952,0.0125625,0.012934999999999999
0.0091325,0.012175,0.012660000000000001
0.009065,0.01213,0.0129
0.0093425,0.0123275,0.013255
0.009247499999999999,0.0122275,0.0129575
0.00899,0.0122125,0.012649999999999998
0.008995,0.0123225,0.012715
0.0090175,0.012235,0.0127
0.008822499999999999,0.012155000000000001,0.01252
0.008445000000000001,0.0120925,0.0123775
0.00812,0.011845,0.012334999999999999
0.008052499999999999,0.011644999999999999,0.012410000000000001
0.008355000000000001,0.01173,0.0126
0.0088025,0.01197,0.012795
0.0091175,0.01214,0.01294
0.0094075,0.01233,0.013165
0.009534999999999998,0.012485,0.0132525
0.0093025,0.0123,0.0128575
0.008975,0.011952500000000001,0.0124375
0.0087575,0.0118475,0.012410000000000001
0.00855,0.01182,0.012424999999999999
0.00838,0.011685,0.012215
0.00843,0.0117325,0.012140000000000001
0.0086525,0.0120825,0.01239
0.00882,0.01225,0.012645000000000002
0.008895,0.0120275,0.012692499999999999
0.0087825,0.011775,0.01259
0.0087,0.01185,0.0126325
0.0089325,0.0122325,0.013007500000000002
0.009067500000000001,0.012555,0.0131425
0.008884999999999999,0.0125225,0.012855
0.00877,0.0122675,0.0127575
0.0087175,0.012125,0.012825
0.00847,0.0120375,0.012622499999999998
0.0082975,0.011917500000000001,0.0123475
0.0085275,0.0120025,0.012425
0.008775,0.01223,0.012685
0.0087875,0.012329999999999999,0.0128425
0.0087475,0.012342500000000001,0.0129175
0.008695,0.0123375,0.0129075
0.00885,0.012462500000000001,0.01302
0.008992499999999999,0.012667500000000002,0.013264999999999999
0.00871,0.012660000000000001,0.013295
0.008397499999999999,0.01247,0.013049999999999999
0.0082975,0.0122225,0.01266
0.00822,0.01189,0.0123375
0.008275000000000001,0.0117025,0.0123225
0.0084575,0.0117775,0.012542500000000002
0.008385,0.011825,0.012645
0.008245,0.0120125,0.012647499999999999
0.0083825,0.012445,0.012830000000000001
0.0085575,0.0126275,0.0131
0.0087625,0.01274,0.0134475
0.0090925,0.012979999999999998,0.013802499999999999
0.009260000000000001,0.013025,0.013877500000000001
0.00917,0.01288,0.013757499999999999
0.0089075,0.0126775,0.013537500000000001
0.00874,0.012615,0.0133225
0.008745,0.01272,0.0132825
0.0085475,0.012625,0.013242499999999999
0.008335,0.012322499999999998,0.013097500000000002
0.008765,0.01242,0.013317500000000001
0.0095225,0.01295,0.013825
0.00962,0.013090000000000001,0.013775
0.0092,0.012839999999999999,0.01333
0.00886,0.012725,0.013097500000000002
0.008557500000000001,0.012575000000000001,0.0129475
0.0083375,0.012427500000000001,0.01288
0.008395,0.01262,0.013107500000000001
0.008775,0.01303,0.01347
0.0092075,0.0132775,0.013742500000000001
0.009165,0.01311,0.0136625
0.0086775,0.012765,0.0132675
0.0082825,0.0125425,0.012969999999999999
0.0081925,0.01237,0.012867499999999999
0.008275000000000001,0.0122125,0.012912499999999999
0.0083975,0.0121525,0.013104999999999999
0.0085725,0.0122625,0.013335000000000001
0.00873,0.01245,0.013354999999999999
0.00874,0.012435,0.0131025
0.0087525,0.01233,0.012885
0.0087475,0.012227499999999999,0.012825
0.008722500000000001,0.012185000000000001,0.0128975
0.008705000000000001,0.0121725,0.012942500000000001
0.008705,0.01219,0.01291
0.008722500000000001,0.012275,0.01288
0.0088075,0.01237,0.0129525
0.0088325,0.012365,0.013035000000000001
0.008660000000000001,0.0123125,0.01304
0.008535000000000001,0.0124225,0.013107500000000001
0.0087075,0.012655,0.013275
0.00867,0.0125825,0.01301
0.007997500000000001,0.0117675,0.0119725
0.0069299999999999995,0.0108225,0.01081
0.006132500000000001,0.010825,0.010475
0.006552499999999999,0.0116175,0.01116
0.0079475,0.01203,0.011760000000000001
0.0087,0.01179,0.010805
0.00966,0.011354999999999999,0.0095475
0.009542499999999999,0.0113025,0.008985
0.007985,0.0106675,0.0087775
0.007062500000000001,0.01089,0.0095675
0.00816,0.012642500000000001,0.01167
0.01051,0.013437500000000002,0.01345
0.011425,0.013000000000000001,0.013614999999999999
0.009385000000000001,0.013130000000000001,0.012425
0.008352499999999999,0.012505,0.0117675
0.0080125,0.0118075,0.0115275
0.0076775,0.011317500000000001,0.0112875
0.007684999999999999,0.01123,0.01141
0.0080675,0.011805,0.012055
0.00876,0.012525000000000001,0.012769999999999998
0.0092925,0.0130925,0.01316
0.009370000000000002,0.0132125,0.013305
0.009152500000000001,0.0131625,0.013394999999999999
0.00967,0.013015000000000002,0.013630000000000001
0.0098775,0.012937500000000001,0.013412499999999999
0.009695,0.01273,0.013032499999999999
0.0093575,0.012855,0.0129125
0.009357500000000001,0.012597500000000001,0.0129
0.0090475,0.011955,0.0126175
0.008665,0.01146,0.0123825
0.00862,0.0114175,0.0123325
0.008812500000000001,0.0118225,0.012375
0.0092075,0.01242,0.0125375
0.0095275,0.0127825,0.0126425
0.009535,0.012745,0.012559999999999998
0.009275,0.0125425,0.0124175
0.00906,0.0122225,0.012315
0.0089325,0.011975,0.012262499999999999
0.008875000000000001,0.011877500000000001,0.012190000000000001
0.008795,0.011755000000000002,0.012
0.008635,0.011717499999999999,0.0118925
0.0085825,0.011895000000000001,0.0120825
0.0087275,0.0120825,0.012302500000000001
0.00894,0.012015000000000001,0.012175
0.009165,0.011852499999999998,0.011735
0.0093025,0.01176,0.011415000000000002
0.0091625,0.011425000000000001,0.011439999999999999
0.008812500000000001,0.010755,0.01151
0.00848,0.010214999999999998,0.0113525
0.00812,0.010132500000000001,0.011022500000000001
0.007634999999999999,0.010237500000000002,0.01064
0.0071525,0.010154999999999999,0.01013
0.0070675,0.0100125,0.0097
0.0074725,0.00995,0.009672499999999999
0.0079425,0.0099075,0.0099825
0.0079425,0.009805,0.01012
0.007355,0.0094425,0.009712499999999999
0.006965000000000001,0.009132500000000002,0.0093025
0.0074,0.009412499999999999,0.009595
0.007962499999999999,0.0098925,0.01005
0.0079175,0.009912500000000001,0.009935000000000001
0.00768,0.009742500000000001,0.009524999999999999
0.0077075,0.0097525,0.0092225
0.007560000000000001,0.0095125,0.009025
0.0071575,0.0090575,0.009055
0.006555,0.0085,0.0087975
0.0059475,0.008025,0.008115
0.0063325,0.008490000000000001,0.008432499999999999
0.007317499999999999,0.0093325,0.0093225
0.0077025,0.009537499999999999,0.009264999999999999
0.0079375,0.009925,0.0094275
0.008145,0.0103,0.0099975
0.0077475,0.00969,0.00965
0.0070625,0.0090825,0.00884
0.0067225,0.009305,0.0083
0.0068925,0.0094025,0.00802
0.0070625,0.0086375,0.00783
0.006795000000000001,0.007832500000000001,0.007707500000000001
0.0067225,0.00798,0.007965
0.0071975,0.008415,0.008375
0.007415,0.0079575,0.0081425
0.007642499999999999,0.007682500000000001,0.00793
0.008065,0.0087525,0.0086975
0.007402499999999999,0.0092175,0.009135
0.006265000000000001,0.00822,0.008432499999999999
0.006155000000000001,0.00753,0.00778
0.0061825,0.00707,0.007475
0.0057325,0.00662,0.00713
0.0058850000000000005,0.0072274999999999995,0.007180000000000001
0.00658,0.007719999999999999,0.007485
0.0065375,0.006395,0.00685
0.005232500000000001,0.004392500000000001,0.005235
0.0045425,0.0041,0.0045975
0.0060675,0.005795,0.0056925000000000005
0.007444999999999999,0.007345,0.0067399999999999995
0.0066749999999999995,0.007350000000000001,0.006585000000000001
0.0056,0.006775,0.006025
0.005825,0.006762499999999999,0.0060375
0.0065325,0.007180000000000001,0.006645
0.006642500000000001,0.0070675,0.0067399999999999995
0.0060975000000000005,0.006335,0.005655
0.0059525,0.006379999999999999,0.0050525
0.0061775,0.006765,0.0058275
0.00511,0.0055375,0.005625
0.0026449999999999998,0.0029325,0.0031425000000000003
0.0012025,0.0015075,0.0013675
0.0022600000000000003,0.0025399999999999997,0.0025275000000000002
0.003925,0.00422,0.004525
0.0044075,0.00496,0.005325
0.004475,0.0051675,0.0055275
0.00446,0.0051025,0.00529
0.00434,0.005059999999999999,0.0047975
0.004897500000000001,0.0057125,0.005225
0.0051825,0.006052500000000001,0.0055475
0.004425,0.0052225,0.004824999999999999
0.003975,0.0044174999999999996,0.00429
0.0044025,0.00448,0.0044475
0.005015,0.005104999999999999,0.00513
0.005295,0.005795,0.006
0.0051075,0.00602,0.0060975
0.0050475,0.005945000000000001,0.0057075
0.0055525,0.005925,0.0058674999999999995
0.0059475,0.0059475000000000005,0.006359999999999999
0.006065,0.00644,0.006840000000000001
0.006537499999999999,0.0073425,0.007254999999999999
0.0072675,0.007917500000000001,0.007385
0.007625,0.0080675,0.007242500000000001
0.0074275,0.00796,0.006954999999999999
0.006744999999999999,0.007595,0.0065675
0.005934999999999999,0.0071,0.006195
0.0055875000000000005,0.00682,0.006102499999999999
0.005585,0.0067599999999999995,0.00621
0.005469999999999999,0.0065274999999999994,0.0063625
0.0050825,0.006045,0.0060750000000000005
0.00469,0.005622500000000001,0.005327500000000001
0.0048775,0.0056175,0.0050175
0.00546,0.00585,0.0053750000000000004
0.00566,0.0057675,0.0056475
0.0056300000000000005,0.005527499999999999,0.0057475
0.00586,0.0056475,0.0060975000000000005
0.006285000000000001,0.00606,0.006444999999999999
0.00647,0.006314999999999999,0.006262500000000001
0.006205,0.0063525,0.0059050000000000005
0.0058775,0.0063675,0.0057525
0.005657499999999999,0.006127499999999999,0.005594999999999999
0.0053525000000000005,0.0056875,0.005525
0.005185,0.005572499999999999,0.0057399999999999994
0.0054175000000000004,0.005775,0.0062450000000000006
0.0057,0.005939999999999999,0.006679999999999999
0.00575,0.0059675,0.0064725
0.005600000000000001,0.00572,0.005832499999999999
0.005455,0.00531,0.0053225
0.0056125,0.0054575,0.0052699999999999995
0.0058975,0.0060525,0.0055225
0.0061400000000000005,0.0061875,0.005817500000000001
0.00647,0.0058775,0.0063175
0.006605,0.0056825,0.006657499999999999
0.00597,0.0054225,0.0059425
0.0049075,0.0048875,0.004569999999999999
0.0045775,0.00476,0.00392
0.00471,0.0049475,0.00392
0.004385,0.0046300000000000004,0.0037625
0.0035824999999999997,0.0036625,0.0034725000000000003
0.0027375,0.0025900000000000003,0.0033125
0.0028,0.0026225,0.0034850000000000003
0.0042699999999999995,0.0038375,0.0038649999999999995
0.0060325,0.0046675,0.0039825
0.0064725,0.00435,0.0037425
0.00502,0.0035824999999999997,0.003265
0.0028925,0.002945,0.002635
0.002215,0.0027325,0.00224
0.0028325,0.0027674999999999996,0.00201
0.0028175,0.002565,0.0014299999999999998
0.0021049999999999997,0.0027925,0.001085
0.00196,0.0037475,0.0018525
0.0022475,0.004285,0.0029625
0.0026225,0.004035,0.003725
0.0035975,0.0037374999999999995,0.004240000000000001
0.0045425,0.00342,0.0039875
0.00446,0.0027549999999999996,0.0031125
0.0038425,0.0024275,0.0027225
0.0035050000000000003,0.003065,0.0032600000000000003
0.0034825000000000004,0.0038525000000000005,0.0038825
0.0032025,0.0036775,0.003405
0.003015,0.0033925,0.0028449999999999994
0.0035675,0.0039,0.0037774999999999996
0.0037675,0.00389,0.004875
0.0034999999999999996,0.003385,0.00475
0.0038174999999999997,0.003625,0.004225
0.0042325,0.00396,0.0040325
0.0043275,0.00392,0.00398
0.004345,0.004135,0.0037400000000000003
0.00412,0.004315,0.0034525000000000003
0.003595,0.0036950000000000004,0.0032675000000000004
0.003,0.002985,0.0030375
0.00252,0.00281,0.0026775
0.0023,0.0026899999999999997,0.002425
0.0024825,0.0028125,0.0026325
0.0027,0.0028975,0.0026125
0.00268,0.002405,0.00196
0.00281,0.0022500000000000003,0.0016225
0.003205,0.0028825,0.0019475
0.0033525,0.0032675000000000004,0.002215
0.0028125,0.0028725,0.00203
0.0018925,0.00238,0.001765
0.0015300000000000001,0.0024799999999999996,0.00198
0.0019175,0.0027925000000000003,0.002555
0.0025,0.0029075,0.0029425
0.00285,0.0030675000000000003,0.0028625
0.0026925,0.00311,0.0023325
0.0025375,0.0030174999999999998,0.0019000000000000002
0.0030849999999999996,0.00336,0.002245
0.003715,0.0037925,0.00293
0.0036725,0.0037099999999999998,0.00309
0.00325,0.0034200000000000003,0.0028299999999999996
0.0026375,0.0031,0.00251
0.00202,0.0027925000000000003,0.0023274999999999997
0.00215,0.00303,0.0026449999999999998
0.0029275,0.0037225,0.00326
0.003415,0.0041375,0.003455
0.003595,0.0041624999999999995,0.00328
0.003925,0.0040750000000000005,0.00332
0.0041175000000000005,0.003925,0.0035275000000000003
0.00392,0.0038425,0.0036275
0.003745,0.004144999999999999,0.0039049999999999996
0.0039049999999999996,0.0047575,0.0045249999999999995
0.0040875,0.0050875,0.0048825
0.0039725,0.00487,0.0046625
0.0037749999999999997,0.0045125,0.00434
0.0037075000000000003,0.0042925,0.004177500000000001
0.003585,0.004085,0.0039675000000000005
0.0034400000000000003,0.00393,0.0037075
0.0034925,0.0039475000000000005,0.0036625
0.0036825,0.0041525,0.003855
0.0038225,0.0044775,0.00413
0.003785,0.0046175,0.0042725
0.003575,0.0043825,0.0041375
0.0034999999999999996,0.004110000000000001,0.0040025
0.0036750000000000003,0.0041425,0.004005
0.00384,0.004425,0.0039475
0.0038150000000000002,0.0046575,0.003745
0.00362,0.00457,0.0034950000000000003
0.003275,0.00414,0.0032624999999999998
0.0028225,0.003575,0.0029899999999999996
0.00256,0.0031800000000000005,0.00278
0.0027375000000000003,0.00324,0.002895
0.00311,0.0036299999999999995,0.0032524999999999997
0.0032675,0.003945,0.0035650000000000005
0.0032199999999999998,0.004064999999999999,0.00381
0.0033474999999999998,0.004285,0.00414
0.0036474999999999997,0.004675,0.0045125
0.0036525,0.0048375,0.004595
0.00339,0.0046575,0.004385
0.0032975,0.0044775,0.0041675
0.0033424999999999996,0.0043625,0.0039075
0.0031850000000000003,0.0040925,0.0034174999999999995
0.0028600000000000006,0.0037725,0.0030074999999999998
0.00268,0.00377,0.0030875
0.0027175,0.0039875,0.0033325000000000004
0.0028925,0.004085,0.0034325
0.0031699999999999996,0.0041825,0.0036950000000000004
0.0034024999999999997,0.00438,0.0040725
0.0034224999999999998,0.0044575000000000005,0.00409
0.003375,0.004465,0.003875
0.0034325,0.00456,0.0039
0.0034225,0.0045125,0.00397
0.003345,0.0043225,0.0038850000000000004
0.0033724999999999996,0.004165,0.0038625
0.0033575000000000002,0.004,0.003875
0.0031850000000000003,0.003865,0.0038200000000000005
0.0030675,0.0039175,0.00383
0.0032275,0.00426,0.00401
0.0034750000000000002,0.0046675,0.00418
0.0035399999999999997,0.0048125,0.004175
0.0035525,0.0047825,0.0041975
0.00364,0.0047875,0.0043825
0.0036325,0.0047775000000000005,0.004529999999999999
0.0034350000000000006,0.0047150000000000004,0.00452
0.003155,0.004595,0.0043475
0.0028875000000000003,0.00438,0.0039875
0.0026325,0.0041175000000000005,0.0034875
0.0024325,0.0039475,0.0031450000000000002
0.0024725000000000003,0.00402,0.0033224999999999995
0.002765,0.00427,0.0038675
0.003045,0.0044575000000000005,0.0042474999999999995
0.0031599999999999996,0.004495,0.004357499999999999
0.0032325,0.0045025,0.00435
0.00347,0.0046825,0.004405
0.0038175,0.0050175,0.004595
0.003965,0.0051825,0.0046949999999999995
0.00379,0.0051075,0.0045025
0.0035050000000000003,0.004955,0.0041625
0.0034024999999999997,0.0048575,0.0040525
0.0035624999999999997,0.004975,0.0043475
0.0038375,0.005295,0.0048275
0.00405,0.0055675,0.0051675
0.0040125,0.0055925,0.0052125
0.0037725,0.00546,0.0051025
0.0037174999999999995,0.00552,0.00516
0.00403,0.00596,0.0055450000000000004
0.0044575,0.0065,0.0060275
0.004735,0.006812500000000001,0.006324999999999999
0.0047525,0.00691,0.0064575000000000006
0.004605,0.0069099999999999995,0.006542500000000001
0.004635,0.006960000000000001,0.006670000000000001
0.00489,0.007135,0.0069
0.0050425,0.007339999999999999,0.0071175
0.0051175000000000005,0.0075925,0.0073225
0.0053425,0.007899999999999999,0.007535
0.0055249999999999995,0.00797,0.007552499999999999
0.0055875000000000005,0.0079,0.0075825
0.0057275,0.00807,0.0079475
0.0059050000000000005,0.008352499999999999,0.008292500000000001
0.0060275,0.008587500000000001,0.0085
0.0061725,0.0088,0.00878
0.006325000000000001,0.009014999999999999,0.0091425
0.0063075,0.0091225,0.009260000000000001
0.005980000000000001,0.009025,0.0089275
0.00557,0.008965,0.008584999999999999
0.0057,0.00935,0.0089375
0.0063974999999999995,0.009995,0.009695
0.0070149999999999995,0.0104175,0.0102025
0.007287500000000001,0.0105525,0.01037
0.00737,0.0106675,0.010419999999999999
0.0074275,0.01098,0.010607499999999999
0.007475000000000001,0.011365,0.010922499999999998
0.0075825,0.011709999999999998,0.0112675
0.00791,0.012182499999999999,0.01186
0.008455,0.0128125,0.0127075
0.009065,0.01345,0.0135625
0.009555,0.0139275,0.01412
0.009802499999999999,0.014179999999999998,0.01432
0.00991,0.0143725,0.0143625
0.0101,0.01471,0.014414999999999999
0.0105675,0.015437499999999998,0.0148825
0.011162499999999999,0.01642,0.015982499999999997
0.011575000000000002,0.016935,0.016857499999999997
0.0119625,0.0171425,0.0172475
0.0124325,0.01755,0.01757
0.012857500000000001,0.0182025,0.0180375
0.0131575,0.018755,0.018472500000000003
0.0134775,0.019244999999999998,0.018975
0.01408,0.020020000000000003,0.019905
0.014865,0.020810000000000002,0.020847499999999998
0.015525,0.021345000000000003,0.02142
0.01603,0.0217825,0.021915
0.0164525,0.022155,0.02237
0.0167275,0.0222975,0.022504999999999997
0.0167325,0.02214,0.022285000000000003
0.016577500000000002,0.022049999999999997,0.0221675
0.016735,0.022595,0.0227025
0.01717,0.023145,0.02314
0.017392499999999998,0.0231325,0.02307
0.0174925,0.023065000000000002,0.023215
0.0178075,0.0233225,0.023785
0.018185,0.023585,0.0242025
0.01837,0.023565000000000003,0.024169999999999997
0.0182025,0.02323,0.023677499999999997
0.0177925,0.02282,0.023175
0.0176275,0.022695,0.02311
0.0176625,0.022685000000000004,0.023085
0.01749,0.022482500000000002,0.022785
0.0171325,0.022115,0.0224
0.016870000000000003,0.02179,0.0221425
0.01678,0.0215925,0.022082499999999998
0.0168425,0.021532499999999996,0.0221825
0.01687,0.021472500000000002,0.022192500000000004
0.0166775,0.0213625,0.022107500000000002
0.016489999999999998,0.021310000000000003,0.02213
0.016487500000000002,0.0212525,0.022155
0.016407500000000002,0.0210075,0.0219725
0.0160325,0.020512500000000003,0.02148
0.01555,0.019952499999999998,0.020825
0.0152125,0.01953,0.0202825
0.015032500000000002,0.0192525,0.019945
0.0149075,0.0189925,0.0196675
0.0146775,0.0185975,0.019215000000000003
0.0142425,0.018027500000000002,0.018514999999999997
0.0136925,0.0174025,0.01773
0.01315,0.0168125,0.0170225
0.012655,0.0162475,0.01641
0.012245,0.015665000000000002,0.01585
0.01191,0.015115,0.015307500000000002
0.011587499999999999,0.0146525,0.01475
0.011237500000000001,0.014204999999999999,0.014175
0.0108475,0.0136925,0.013535000000000002
0.01039,0.0131825,0.0128875
0.0099625,0.012832499999999998,0.012495000000000001
0.0097275,0.0125625,0.01231
0.009510000000000001,0.0120775,0.011915
0.009085,0.011425,0.0113025
0.00861,0.010932500000000001,0.010797500000000002
0.008355,0.010685,0.010455
0.008165,0.0103575,0.0099775
0.0077025,0.009742500000000001,0.0091425
0.00712,0.009250000000000001,0.008415
0.0070125,0.009367499999999999,0.0084925
0.007112499999999999,0.00948,0.00869
0.0070175,0.009245,0.008544999999999999
0.006827500000000001,0.0088575,0.0082825
0.0066675,0.0085075,0.008085
0.006515,0.008252500000000001,0.0078425
0.006225,0.0079625,0.0073325000000000005
0.005804999999999999,0.00754,0.006565
0.005472499999999999,0.0071775,0.006
0.005405,0.00718,0.0061175
0.0054675,0.0072525,0.0063475
0.0053475,0.00705,0.0062175
0.00511,0.0067225,0.0059725
0.0050175,0.006545,0.005845
0.0049675,0.006425,0.005687500000000001
0.0048375,0.0062074999999999995,0.0054475
0.00473,0.005955,0.00519
0.0046325,0.005825,0.00503
0.0045474999999999995,0.00586,0.0050525
0.00446,0.00578,0.0049875
0.004295,0.005520000000000001,0.0047675
0.004205,0.00539,0.004675
0.00426,0.005455,0.0047425
0.0041849999999999995,0.00542,0.004635
0.0037550000000000005,0.0050225,0.00419
0.003425,0.004614999999999999,0.0038624999999999996
0.0036249999999999998,0.0045874999999999996,0.0039299999999999995
0.003935,0.00471,0.004
0.0040075,0.004765,0.00391
0.0038575,0.004727500000000001,0.00378
0.0037475,0.004635,0.00372
0.0037324999999999997,0.00448,0.003645
0.003645,0.004335,0.0035775
0.0035775,0.0044375000000000005,0.0037325
0.0037524999999999998,0.00476,0.0040175
0.003985,0.0049225,0.004122499999999999
0.0039975,0.004804999999999999,0.00402
0.0039024999999999997,0.0046875,0.003965
0.0039775,0.0047825,0.0041275
0.0041675,0.0049775,0.0043675
0.004245,0.005135,0.004505
0.00428,0.0053375,0.004705
0.0045625,0.0056425,0.00515
0.0048825,0.0058175,0.0054275
0.0049700000000000005,0.0058425,0.00543
0.005035,0.005995,0.005595
0.00523,0.0062325,0.005925000000000001
0.0053025,0.0062475,0.0059875
0.005235,0.00619,0.0059375
0.005294999999999999,0.00639,0.0061875
0.005505,0.006664999999999999,0.00648
0.0056375,0.00671,0.00651
0.00562,0.0065725,0.006345
0.00557,0.006465,0.006235
0.0056625,0.006517499999999999,0.006342499999999999
0.00581,0.006605,0.0065049999999999995
0.005805,0.006575,0.006464999999999999
0.005655,0.0064150000000000006,0.006217500000000001
0.005552499999999999,0.0063349999999999995,0.006055
0.0056475,0.00652,0.006234999999999999
0.00583,0.0067925,0.0065375
0.005955,0.0069325,0.006705
0.0060799999999999995,0.0070325,0.006875
0.006285,0.0072050000000000005,0.0071375
0.0065274999999999994,0.00743,0.0073925
0.006792500000000001,0.0076475,0.0075699999999999995
0.00701,0.0077375,0.0076425
0.00713,0.007792500000000001,0.0077824999999999995
0.0072299999999999994,0.0079975,0.0081325
0.0072499999999999995,0.00813,0.008320000000000001
0.007175,0.0080525,0.0082225
0.007137500000000001,0.0079425,0.0081625
0.0071825,0.0079025,0.008199999999999999
0.007197500000000001,0.0078575,0.0081175
0.00706,0.0077375,0.0078175
0.006829999999999999,0.0075525,0.00745
0.006605000000000001,0.00734,0.007175
0.006337499999999999,0.0070325000000000006,0.006975
0.00598,0.00664,0.00672
0.00571,0.0064025,0.00648
0.005679999999999999,0.0064150000000000006,0.006385
0.005765,0.006525,0.00635
0.0058225,0.0066025,0.0063525000000000005
0.005885,0.006664999999999999,0.00643
0.0059425,0.00668,0.0064975
0.005985000000000001,0.006659999999999999,0.0065275
0.006065,0.00665,0.0065825
0.00618,0.00668,0.0066549999999999995
0.00625,0.0067375,0.0067174999999999995
0.006225,0.006775,0.0067925
0.0061325,0.0067125,0.0067925
0.006025,0.0065775,0.0066175
0.0059375,0.006425,0.0063300000000000006
0.0058425000000000005,0.006240000000000001,0.0060625
0.005685,0.006047500000000001,0.005912499999999999
0.0055025,0.0059125,0.0058675
0.005395,0.00581,0.005795
0.005365,0.005725,0.0056549999999999994
0.0052875000000000005,0.005634999999999999,0.00548
0.005065,0.0054725,0.00523
0.00481,0.00528,0.004955
0.004675,0.0051649999999999995,0.00479
0.0046725000000000004,0.0051424999999999995,0.00474
0.0047575,0.005195,0.0047425
0.00486,0.0052875000000000005,0.0047925
0.0048425,0.005275,0.00483
0.00468,0.005105,0.0048000000000000004
0.0045525,0.004977499999999999,0.0047575
0.0045375,0.0049900000000000005,0.004739999999999999
0.00453,0.0049700000000000005,0.00468
0.004477500000000001,0.004835000000000001,0.004562500000000001
0.004405,0.0047125,0.0044675
0.004345,0.0046725000000000004,0.0044
0.0042925,0.004645,0.00432
0.00425,0.0046275,0.00426
0.004215,0.0047225,0.00426
0.0041775,0.00486,0.0042825
0.00417,0.004902500000000001,0.0042675000000000005
0.0041624999999999995,0.0048675,0.0042125
0.0041,0.004805,0.004185
0.0040550000000000004,0.0047275,0.0042275
0.0040275,0.0046324999999999995,0.0043
0.003965,0.0045375,0.00433
0.0039475,0.0045249999999999995,0.004345
0.00396,0.004595,0.004365
0.003905,0.004625,0.0043425
0.0038425,0.00458,0.0043275
0.0038225,0.004585,0.004335
0.0038224999999999995,0.004704999999999999,0.00432
0.0038924999999999997,0.0048725,0.00441
0.004025,0.004982499999999999,0.004615
0.0041325,0.005045,0.004785
0.004205,0.00515,0.00488
0.004272499999999999,0.0052975,0.0049725
0.0043225,0.0054225,0.005112500000000001
0.00437,0.0055125,0.00524
0.004432500000000001,0.005597500000000001,0.0053025
0.00449,0.005667500000000001,0.0053425
0.0045825,0.00573,0.0053525000000000005
0.00468,0.0058075,0.005325
0.0047475,0.0059375,0.0054325
0.004755,0.00605,0.00565
0.0047025,0.006035,0.00573
0.004682499999999999,0.006,0.00567
0.004690000000000001,0.005995,0.00557
0.0047174999999999995,0.00597,0.00546
0.0048000000000000004,0.00595,0.0054375000000000005
0.004874999999999999,0.0059575,0.00551
0.0048725,0.005962499999999999,0.005535
0.00483,0.0059299999999999995,0.0054875
0.00478,0.00583,0.00541
0.0047225,0.005665,0.005255
0.0045675,0.0055025000000000004,0.0050425
0.0043525000000000005,0.0053349999999999995,0.004825
0.0042,0.0051775,0.0046125
0.00417,0.005015,0.0044775
0.004200000000000001,0.00486,0.0043875
0.0041775,0.0047375,0.0042175
0.004035,0.0045925,0.00399
0.0038825,0.0044025,0.0037749999999999997
0.0037774999999999996,0.0041525,0.003515
0.0036775,0.0038900000000000002,0.003205
0.003545,0.0036525,0.0029225
0.0032699999999999995,0.0033175,0.00262
0.002955,0.0030075,0.0023375
0.0027875,0.0028825,0.0021825
0.0027125,0.00279,0.0020575
0.0026675,0.00263,0.0018900000000000002
0.0026125,0.0024475,0.0017399999999999998
0.00249,0.0022725,0.0015725000000000001
0.0022425,0.0020900000000000003,0.0013075
0.0020275,0.0019649999999999997,0.00107
0.0020025,0.00201,0.0010675
0.0020824999999999997,0.0021874999999999998,0.001275
0.0020525,0.002235,0.00141
0.0018574999999999998,0.0020475,0.00131
0.0017325,0.0019725,0.0012325
0.001815,0.0022175,0.0014
0.00208,0.0026225,0.00183
0.00236,0.00297,0.0023675
0.00246,0.0032424999999999997,0.00283
0.0024974999999999997,0.0035825,0.0032650000000000005
0.0027424999999999997,0.00413,0.003895
0.003205,0.004905,0.004775
0.0037600000000000003,0.0057775,0.00573
0.00429,0.0066025,0.006637499999999999
0.0047125,0.007322500000000001,0.007485
0.0051175000000000005,0.0081125,0.008415
0.0056949999999999995,0.00912,0.0095175
0.006425,0.010320000000000001,0.010745000000000001
0.0071625000000000005,0.011545,0.0120075
0.0076875,0.0125075,0.013075
0.007967499999999999,0.01318,0.013867500000000001
0.008295,0.0138875,0.014637500000000001
0.0088575,0.014785,0.015565
0.0094675,0.015675,0.0165675
0.009992500000000001,0.0165,0.017572499999999998
0.010504999999999999,0.0174075,0.01859
0.010939999999999998,0.0183225,0.01955
0.011349999999999999,0.0191875,0.020505
0.01182,0.020069999999999998,0.02153
0.012247500000000001,0.020925,0.022564999999999998
0.01269,0.02185,0.023614999999999997
0.0132625,0.022947500000000003,0.0246825
0.013874999999999998,0.02402,0.025795000000000002
0.014435,0.024982499999999998,0.026962500000000004
0.0149075,0.025925,0.028115
0.01543,0.0270475,0.0293675
0.016122499999999998,0.028419999999999997,0.03088
0.0168925,0.029867499999999998,0.0324925
0.017580000000000002,0.031217500000000002,0.0340075
0.0180875,0.0324275,0.03533
0.0184675,0.0335225,0.0364675
0.0189825,0.0346975,0.037682499999999994
0.0198225,0.036225,0.0392725
0.0207725,0.03784,0.0409575
0.0216225,0.039235,0.04245
0.022662500000000002,0.0407725,0.0441275
0.02395,0.042664999999999995,0.0460975
0.0249575,0.0443775,0.047810000000000005
0.0256025,0.045735,0.0492
0.02637,0.047115000000000004,0.05068
0.0273775,0.048530000000000004,0.052295
0.028345000000000002,0.0498425,0.0538025
0.0291625,0.05115,0.055205000000000004
0.0300025,0.0525875,0.0566725
0.0310175,0.05416750000000001,0.058322500000000006
0.032095,0.055705,0.059969999999999996
0.032959999999999996,0.057005,0.0613325
0.03357,0.05816,0.06244500000000001
0.0340825,0.0592525,0.0635025
0.034805,0.0603525,0.0647
0.03568,0.0614525,0.066
0.036385,0.062455000000000004,0.06712
0.03694,0.0633375,0.06793
0.03744,0.0640575,0.0685625
0.0378425,0.0645975,0.0690875
0.0381575,0.0650425,0.06957749999999999
0.038395,0.06534,0.06998499999999999
0.038445,0.06537000000000001,0.07008
0.0384225,0.06532,0.07001750000000001
0.038525,0.0652775,0.06998
0.03853,0.06503250000000001,0.0697575
0.038207500000000005,0.064545,0.0692075
0.037597500000000006,0.06375,0.068395
0.0370375,0.062805,0.06754
0.03671,0.0619825,0.066735
0.03636,0.061085,0.06576
0.03586,0.0600375,0.06460250000000001
0.0354025,0.0590275,0.06347749999999999
0.034945,0.057935,0.062295
0.034324999999999994,0.056647499999999996,0.0608725
0.03362,0.0552925,0.059324999999999996
0.0329675,0.054017499999999996,0.057929999999999995
0.032397499999999996,0.052919999999999995,0.0567275
0.031880000000000006,0.0518025,0.0555
0.03125,0.050375,0.054072499999999996
0.0305275,0.04888,0.0526125
0.029875,0.047622500000000005,0.0513575
0.029265,0.046482499999999996,0.05021
0.028714999999999997,0.0453975,0.049075
0.028124999999999997,0.0443825,0.0479375
0.027360000000000002,0.04331,0.046715
0.026555000000000002,0.0421975,0.0455425
0.025882499999999996,0.0413125,0.044590000000000005
0.0252625,0.0406425,0.0436925
0.024677499999999998,0.039944999999999994,0.042804999999999996
0.0241625,0.0392725,0.042077500000000004
0.02361,0.03881,0.0414475
0.0231425,0.0386925,0.0411175
0.023025,0.0389375,0.0413175
0.0231875,0.039482500000000004,0.04186
0.023535000000000004,0.040247500000000005,0.042592500000000005
0.02408,0.04106,0.043515
0.0246175,0.041890000000000004,0.04449500000000001
0.0249425,0.042727499999999995,0.045335
0.025132500000000002,0.0433725,0.045977500000000004
0.025257500000000002,0.04378,0.046425
0.025147500000000003,0.0439025,0.0465725
0.024755,0.043755,0.0463975
0.0242025,0.0434325,0.0459525
0.023592500000000002,0.042870000000000005,0.04525749999999999
0.0228675,0.04191,0.04418
0.0218025,0.0403975,0.0425675
0.0204825,0.038512500000000005,0.040635
0.01909,0.03659,0.03857
0.0177875,0.034775,0.036430000000000004
0.01678,0.03313000000000001,0.0344
0.015895,0.03153,0.032525
0.01499,0.0298475,0.030807499999999998
0.0141375,0.028155,0.029295
0.013375,0.026707500000000002,0.027970000000000002
0.01272,0.02558,0.026685
0.012025000000000001,0.0245425,0.025339999999999998
0.011275,0.0235475,0.024085000000000002
0.01067,0.0226825,0.0230275
0.0101375,0.021845,0.0221125
0.009665000000000002,0.021137499999999997,0.0214575
0.009502499999999999,0.0207675,0.021019999999999997
0.00946,0.02049,0.020595
0.0092975,0.02016,0.020305
0.00923,0.020022500000000002,0.020282500000000002
0.009345,0.0199925,0.020277499999999997
0.0094,0.0197625,0.0201525
0.009195,0.0194325,0.0199625
0.0090025,0.01927,0.0197775
0.00895,0.0191475,0.019452499999999998
0.0088675,0.01885,0.0189175
0.0086125,0.018335,0.018347500000000003
0.008225,0.017724999999999998,0.01779
0.0078625,0.01717,0.01715
0.0074725,0.0165525,0.016434999999999998
0.0068650000000000004,0.0157775,0.015665
0.006285,0.015047499999999998,0.0149875
0.0059075,0.0144925,0.014537499999999998
0.0054625,0.0139675,0.0141025
0.0049775,0.013465000000000001,0.013615
0.004765,0.0131125,0.0131825
0.004775,0.012872499999999999,0.012830000000000001
0.00488,0.0128,0.012827499999999999
0.0050575,0.012982500000000001,0.0131525
0.005235,0.013312500000000001,0.013425
0.0053975,0.013655,0.0135575
0.0055825,0.01399,0.0136875
0.00582,0.014357499999999999,0.013987499999999998
0.0061525,0.014822499999999999,0.014552500000000001
0.0065450000000000005,0.015415000000000002,0.0152425
0.00673,0.0159125,0.015752500000000003
0.006732500000000001,0.016237500000000002,0.0160725
0.006957499999999999,0.01661,0.0163775
0.00719,0.01685,0.016545
0.0072475000000000005,0.017007500000000002,0.016765000000000002
0.007555,0.0174675,0.017345
0.007984999999999999,0.018009999999999998,0.0179125
0.0081775,0.01832,0.018170000000000002
0.008129999999999998,0.0183675,0.0181575
0.0079625,0.01814,0.01792
0.007794999999999999,0.01787,0.0177475
0.0077175,0.0178825,0.0177925
0.007885,0.017972500000000002,0.017915
0.0082675,0.01796,0.0180325
0.008490000000000001,0.0179775,0.0178975
0.00824,0.0178175,0.0174
0.007694999999999999,0.01733,0.01677
0.0072250000000000005,0.016692500000000002,0.0161025
0.007027499999999999,0.016155,0.015510000000000001
0.007095000000000001,0.015835000000000002,0.0151975
0.00728,0.0156675,0.014995
0.007372500000000001,0.0154475,0.0145425
0.007232500000000001,0.0149025,0.0137925
0.006755,0.014034999999999999,0.0130375
0.0060975,0.013194999999999998,0.01241
0.005724999999999999,0.0126725,0.011890000000000001
0.0056675,0.0123725,0.011457499999999999
0.0056,0.01193,0.01096
0.0054425,0.0113175,0.010345
0.0053075,0.0109225,0.009770000000000001
0.005165,0.0107575,0.0094075
0.004975,0.010515,0.0091275
0.0049125,0.010215000000000002,0.0088
0.00496,0.009885,0.0084225
0.00503,0.0095825,0.008085
0.00502,0.00941,0.007875
0.0046975,0.0090575,0.0076575
0.0043525000000000005,0.00851,0.007345
0.0043324999999999995,0.008159999999999999,0.0070025
0.0044025,0.0079775,0.006775
0.0042425,0.007595,0.006595
0.0037350000000000005,0.007115,0.006305000000000001
0.00326,0.006915,0.0059325
0.0031149999999999997,0.00682,0.00546
0.003185,0.0066099999999999996,0.00509
0.0032675,0.0064825,0.0049525
0.00326,0.00648,0.0048200000000000005
0.0033424999999999996,0.0066099999999999996,0.004805
0.0037350000000000005,0.0069975,0.00515
0.0042225,0.0073750000000000005,0.0055575
0.0045925,0.0075650000000000005,0.0057575000000000005
0.0049625,0.0077,0.005917500000000001
0.00518,0.00754,0.0058525
0.005085000000000001,0.007177500000000001,0.00554
0.00481,0.0070925,0.00521
0.004665,0.0072525,0.0050425
0.004867499999999999,0.007309999999999999,0.0052025000000000005
0.00502,0.007159999999999999,0.0053525000000000005
0.0048525,0.007025000000000001,0.005265
0.0044199999999999995,0.0068575,0.0048225
0.0041425,0.0066325,0.0042625
0.0044325,0.0065025000000000005,0.0041775
0.00454,0.006005,0.0040925
0.00402,0.0053425,0.0036074999999999996
0.00361,0.005255,0.0032500000000000003
0.00379,0.005615,0.00338
0.00408,0.005809999999999999,0.0036699999999999997
0.0039724999999999995,0.00556,0.0035250000000000004
0.00361,0.0050825,0.003215
0.0033025,0.0047075,0.003215
0.0032075,0.004495,0.0032300000000000002
0.0034950000000000003,0.0045275,0.0032649999999999997
0.003997499999999999,0.0048400000000000006,0.0034825000000000004
0.00424,0.005067499999999999,0.0035875000000000004
0.0042274999999999995,0.005145,0.0036225
0.0042274999999999995,0.0052175,0.0036925
0.0042425,0.005279999999999999,0.0035025
0.0041875,0.00532,0.0030924999999999998
0.0041725,0.0052025,0.0029825
0.00421,0.005515000000000001,0.0033099999999999996
0.0046925,0.006109999999999999,0.0038875000000000003
0.0051624999999999996,0.006657499999999999,0.0044575
0.0054325,0.0066325,0.005065
0.0056775,0.00651,0.0055925
0.0059075,0.00702,0.0058
0.006050000000000001,0.007614999999999999,0.0056325
0.0061375,0.0075175,0.005242500000000001
0.00608,0.0068675,0.0048825
0.0058425000000000005,0.006425000000000001,0.004835
0.0056875,0.006565,0.0051175000000000005
0.0056675,0.006940000000000001,0.0054275
0.0056575,0.0072375,0.0054825
0.005827499999999999,0.00745,0.005305000000000001
0.006384999999999999,0.0076725,0.005174999999999999
0.006885,0.007810000000000001,0.005145
0.0067399999999999995,0.007382499999999999,0.0049975
0.005915,0.006155,0.004435
0.0049,0.004860000000000001,0.0036375
0.0045225000000000005,0.0045775,0.0035725
0.00502,0.005285,0.0043975
0.00547,0.005859999999999999,0.0050175
0.0052499999999999995,0.0057575,0.0047875
0.0053774999999999995,0.005347500000000001,0.0042025
0.0066549999999999995,0.0051075,0.00408
0.00621,0.006427499999999999,0.0041175
0.0045249999999999995,0.0076625,0.0037975
0.006905,0.0050225,0.00435
0.00624,0.0046175,0.0042725
0.0056675,0.005280000000000001,0.0047275
0.005975,0.0059275,0.00536
0.006302500000000001,0.006405,0.0057575000000000005
0.006347499999999999,0.0066825,0.005915
0.006194999999999999,0.0061225,0.00528
0.005875,0.004985,0.004189999999999999
0.0054175,0.0047175,0.0040025
0.00511,0.0054,0.00464
0.00471,0.0056625,0.0046475
0.00465,0.0051475,0.0040725
0.005485,0.0052675000000000005,0.004225
0.0069575,0.006425,0.005255
0.008015,0.0076775,0.00608
0.007525,0.008,0.0059475
0.0053975,0.00671,0.0048175
0.0031850000000000003,0.004645000000000001,0.0032675
0.0023274999999999997,0.003415,0.0020125
0.002365,0.0029875,0.0013825
0.0032700000000000003,0.0030025,0.00198
0.00482,0.0043825,0.003875
0.00546,0.006020000000000001,0.0049949999999999994
0.0050075,0.006545,0.0049250000000000006
0.004379999999999999,0.00595,0.004912499999999999
0.0047175,0.00628,0.0060575
0.005235,0.0065899999999999995,0.006425
0.0040774999999999995,0.004685,0.0045425
0.0019549999999999997,0.00226,0.0023675
0.0004275,0.00053,0.00088
0.000105,0.0,0.0006025
0.00079,0.0005025,0.0007575
0.0,0.0,0.0
