protein_extract_48_scans_sample1,protein_extract_48_scans_sample2,protein_extract_48_scans_sample3
0.00021999999999999998,0.0006425000000000001,0.0007425000000000001
0.00020250000000000002,0.000495,0.000615
0.00024249999999999999,0.0003975,0.00041
0.0002575,0.0003525,0.0003175
0.00021,0.00035,0.0003925
0.00021250000000000002,0.000445,0.000515
0.000275,0.00056,0.00053
0.00032250000000000003,0.0005025,0.0004525
0.00030750000000000005,0.0003575,0.000415
0.0003275,0.00036,0.00049
0.000365,0.0004875,0.0005875
0.000285,0.0005449999999999999,0.0005849999999999999
0.000165,0.0005,0.0005275
0.00018,0.000405,0.00046750000000000003
0.000305,0.00035499999999999996,0.00042
0.0004025,0.0003725,0.000405
0.0004475,0.00039750000000000007,0.0003975
0.0004125,0.00037,0.0003825
0.00031,0.000255,0.0003325
0.0002375,0.00015000000000000001,0.000315
0.000245,0.00019,0.0004125
0.0002975,0.0003175,0.00051
0.0003475,0.000405,0.0004975
0.00034250000000000003,0.000405,0.000445
0.000285,0.00038,0.000465
0.0003075,0.0004075,0.0005499999999999999
0.000385,0.00045,0.0005825
0.00037999999999999997,0.00047,0.00053
0.00048249999999999996,0.0005574999999999999,0.0005399999999999999
0.000615,0.0007125,0.00066
0.0005875,0.000745,0.0006774999999999999
0.0005725,0.0006075,0.0005775
0.0006475000000000001,0.00046750000000000003,0.00054
0.0006299999999999999,0.0003475,0.0005175
0.00061,0.0002675,0.000495
0.0006375,0.00032,0.000585
0.0006100000000000001,0.0004475,0.00076
0.0006325,0.0005449999999999999,0.0008525
0.0006975,0.0005775000000000001,0.000775
0.0006724999999999999,0.000585,0.0006525
0.000635,0.000615,0.0006575
0.0006675,0.0006399999999999999,0.00069
0.000525,0.0005499999999999999,0.0005650000000000001
0.00019999999999999998,0.00039000000000000005,0.000335
0.00012000000000000002,0.0003675,0.0002875
0.00026500000000000004,0.00041,0.00044
0.0003375,0.0002775,0.00046499999999999997
0.00043,0.0001375,0.0003675
0.00042500000000000003,0.000195,0.0003275
0.00035,0.0003175,0.00032
0.0005125,0.0004175,0.0003375
0.0007375,0.0005225,0.00045
0.000655,0.0006375,0.0006525
0.00067,0.0006975,0.0008475000000000001
0.0007525,0.000665,0.0009575
0.000675,0.0005975,0.0010374999999999998
0.0008500000000000001,0.0005275,0.0010400000000000001
0.0008375000000000001,0.00043750000000000006,0.00087
0.0007125,0.0004825,0.0008049999999999999
0.000945,0.0006600000000000001,0.0009775
0.0011200000000000001,0.0008525000000000001,0.00116
0.0012425,0.00107,0.00126
0.0010625,0.0010925,0.0011949999999999999
0.00073,0.0007900000000000001,0.0009925
0.0008775,0.0005225,0.000905
0.001015,0.0005175000000000001,0.0009025
0.0008675,0.0006225,0.0008849999999999999
0.000775,0.0007624999999999999,0.000995
0.0012725,0.001015,0.0014125
0.0022700000000000003,0.0012675,0.0019325
0.0023075,0.0012575,0.001915
0.0013575,0.000995,0.0012850000000000001
0.0008699999999999999,0.0008175000000000001,0.0007474999999999999
0.001035,0.0008975000000000001,0.0006325
0.001395,0.00115,0.0009025
0.0015574999999999999,0.0013775,0.0013149999999999998
0.00156,0.001485,0.00152
0.0014024999999999999,0.001425,0.0013725
0.001155,0.0012125,0.0011725
0.0011775,0.0010299999999999999,0.001165
0.0012224999999999998,0.0009,0.0011125
0.0010249999999999999,0.0007175,0.0009074999999999999
0.000895,0.0005425,0.0007575
0.0008075,0.0005375,0.0007275
0.0007800000000000001,0.00065,0.0006875
0.0007525,0.0006425000000000001,0.0005275
0.00061,0.00065,0.0005175
0.001155,0.0008325,0.0008175
0.001635,0.0009699999999999999,0.001035
0.0013675,0.000975,0.0010400000000000001
0.0012900000000000001,0.001025,0.001105
0.0015925,0.00117,0.001235
0.0016374999999999998,0.0012900000000000001,0.0012000000000000001
0.0011525,0.00125,0.001005
0.001055,0.001065,0.0008575
0.0011675,0.0008825,0.0007675
0.00105,0.00084,0.00068
0.0011075,0.0007650000000000001,0.000565
0.000955,0.0005775,0.00042750000000000004
0.0006900000000000001,0.0004825,0.00036250000000000003
0.0005124999999999999,0.000495,0.000295
0.000385,0.0004625,0.00022250000000000004
0.0005275000000000001,0.00048499999999999997,0.00036500000000000004
0.0008550000000000001,0.000745,0.0007650000000000001
0.0011125,0.00108,0.0010975
0.0013750000000000001,0.00124,0.0011825
0.00146,0.0012925,0.0011649999999999998
0.0013825000000000003,0.0013525,0.00116
0.0014325,0.001375,0.00114
0.0016025,0.0013175,0.0010625
0.00166,0.001265,0.001
0.00149,0.0012699999999999999,0.0010975
0.0014025,0.0012799999999999999,0.001225
0.00142,0.0013349999999999998,0.0012925
0.0016425,0.0014125000000000001,0.0013599999999999999
0.0018150000000000002,0.00134,0.00138
0.0014550000000000001,0.00124,0.0013275000000000001
0.00103,0.00131,0.00135
0.001135,0.00134,0.0014349999999999999
0.0012675,0.00102,0.0013275
0.0008324999999999999,0.0006375,0.0010225
0.0007975,0.0007274999999999998,0.0009674999999999999
0.0014449999999999999,0.0010500000000000002,0.0010275
0.0012375,0.0011425,0.0007925
0.000615,0.0011025000000000002,0.0005575
0.000735,0.0010275000000000002,0.0005275
0.0010025,0.0007175,0.0004175
0.0007575,0.00031,0.0002225
0.000415,0.0002525,0.00026
0.0005275000000000001,0.0004975,0.0005975
0.0010525,0.000915,0.0009874999999999999
0.0016475,0.0013700000000000001,0.0012725
0.0018375,0.0015325,0.0013700000000000001
0.0017525,0.001365,0.00129
0.0016049999999999999,0.0011925,0.0012274999999999999
0.0014625,0.0013175,0.0012924999999999998
0.0014125000000000001,0.0014425000000000002,0.001395
0.00149,0.0012125,0.0012925
0.0015799999999999998,0.0008575000000000001,0.0009075000000000001
0.0015,0.0008075000000000001,0.000655
0.001415,0.0011075,0.0007750000000000001
0.0015699999999999998,0.00143,0.0010825000000000001
0.00174,0.0015425,0.0012525000000000001
0.0016175,0.001325,0.0011025
0.001445,0.0011099999999999999,0.0009125000000000001
0.0017050000000000001,0.001215,0.0010225
0.00202,0.00135,0.0012425000000000001
0.0019975,0.00129,0.0012499999999999998
0.00192,0.0010775,0.0010375
0.001905,0.001,0.0008274999999999999
0.0018174999999999999,0.0012275,0.000915
0.0018575,0.0016225,0.0012225
0.00231,0.00203,0.0016350000000000002
0.0027975,0.00236,0.0020150000000000003
0.0029825,0.0024525,0.0022324999999999997
0.003065,0.002295,0.0023
0.0029325,0.0020775000000000004,0.0022175000000000003
0.0024875,0.0020924999999999997,0.00204
0.002785,0.0022500000000000003,0.00203
0.0031825,0.0023350000000000003,0.0022575
0.0030625,0.0023825,0.0024925
0.0031850000000000003,0.00258,0.002675
0.0035625,0.0029475,0.0029124999999999997
0.0036825000000000004,0.0031925,0.0030125000000000004
0.0035074999999999998,0.0031025,0.0027725
0.0034,0.0030425,0.002555
0.0034275,0.0033125000000000003,0.0027425
0.0037725000000000002,0.0034825,0.0030299999999999997
0.004302499999999999,0.003405,0.0031675
0.0045575,0.003695,0.0034400000000000003
0.0047675,0.004465,0.0038575
0.0052175,0.005072500000000001,0.0042
0.00591,0.005405,0.004574999999999999
0.0064375,0.0056099999999999995,0.0049525
0.006615,0.00571,0.005175
0.0066949999999999996,0.0058075,0.0052725
0.006847499999999999,0.006064999999999999,0.005375
0.0070575,0.006445,0.00554
0.007507499999999999,0.0068225000000000004,0.005795000000000001
0.007737500000000001,0.0070225,0.006025
0.007670000000000001,0.007107499999999999,0.0062
0.007922499999999999,0.0072975,0.0066099999999999996
0.008369999999999999,0.0075825,0.0071625000000000005
0.0085275,0.00772,0.007355
0.008315,0.0077,0.007209999999999999
0.0084825,0.007872500000000001,0.0073100000000000005
0.0092025,0.008355,0.007865
0.0098075,0.009070000000000002,0.00846
0.01026,0.0096325,0.008795
0.010765,0.010035,0.009075
0.011345000000000001,0.01054,0.0095275
0.011867500000000001,0.01089,0.009932499999999999
0.012105000000000001,0.0109025,0.01003
0.0122475,0.010950000000000001,0.010075
0.012695000000000001,0.0114125,0.01042
0.013215,0.011970000000000001,0.010902499999999999
0.01344,0.012375,0.0112525
0.0137275,0.012745,0.0116025
0.014245,0.0130775,0.01193
0.014600000000000002,0.013385,0.0122075
0.014839999999999999,0.0139475,0.0126175
0.0152625,0.014575,0.0130575
0.015715,0.0149075,0.013332499999999999
0.01618,0.015019999999999999,0.013510000000000001
0.01663,0.0151325,0.0137125
0.016822499999999997,0.015227500000000001,0.013900000000000001
0.01684,0.0153775,0.0141575
0.017077500000000002,0.0156975,0.0146325
0.01744,0.01606,0.0149725
0.0175375,0.0163175,0.014895
0.0177675,0.0167025,0.01501
0.0184425,0.0172775,0.015604999999999997
0.019112499999999998,0.0178425,0.0162
0.0195375,0.0182825,0.016565
0.019950000000000002,0.0186725,0.0169025
0.020445,0.0190225,0.017320000000000002
0.020855000000000002,0.0193225,0.01774
0.02114,0.01966,0.018105
0.0213525,0.0199225,0.018315
0.02137,0.0199775,0.0183125
0.0214525,0.02012,0.018425000000000004
0.0218625,0.020564999999999996,0.0188625
0.0223925,0.02111,0.019345
0.02284,0.02155,0.0196475
0.0231875,0.0218975,0.0198575
0.02357,0.022215000000000002,0.0201375
0.024017499999999997,0.022495,0.020532500000000002
0.024455,0.0228475,0.02101
0.0248775,0.023309999999999997,0.02149
0.0252275,0.0236725,0.021810000000000003
0.025404999999999997,0.0238125,0.021894999999999998
0.0255875,0.023964999999999997,0.0219525
0.025974999999999998,0.024304999999999997,0.02223
0.026430000000000002,0.0247425,0.022684999999999997
0.0268825,0.025167500000000002,0.023170000000000003
0.027374999999999997,0.025565,0.023540000000000002
0.027739999999999997,0.0258575,0.02372
0.0278525,0.026075,0.0238775
0.0280275,0.026415,0.024204999999999997
0.0283775,0.026824999999999998,0.0245675
0.028545,0.027034999999999997,0.024704999999999998
0.0286375,0.02708,0.0247425
0.028962500000000002,0.0272125,0.024932499999999996
0.0293875,0.0275475,0.025302500000000002
0.029802500000000003,0.02801,0.025792500000000003
0.0302,0.0283875,0.02622
0.03057,0.028707499999999997,0.026502500000000002
0.03088,0.0290925,0.026725000000000002
0.031087499999999997,0.02937,0.02694
0.03125,0.029384999999999998,0.027110000000000002
0.031395,0.02934,0.02718
0.03162,0.029585,0.027305
0.0320175,0.0300925,0.0276075
0.032487499999999996,0.0305875,0.02795
0.032867499999999994,0.030942499999999998,0.028265000000000002
0.0330325,0.031155000000000002,0.02852
0.0331675,0.0313225,0.028754999999999996
0.033479999999999996,0.031607500000000004,0.029035000000000002
0.0338325,0.031945,0.02928
0.0339625,0.032115,0.029359999999999997
0.0339075,0.03215,0.029339999999999998
0.0339975,0.032295,0.0294425
0.034327500000000004,0.0325325,0.0296975
0.0346675,0.0328,0.0300175
0.0349425,0.0331525,0.030350000000000002
0.0351725,0.03354,0.030675
0.035462499999999994,0.0338575,0.03097
0.0357575,0.0341225,0.0311775
0.0359675,0.03435,0.0313275
0.036175,0.0344825,0.031525
0.03638,0.034575,0.0317525
0.036565,0.034685,0.031880000000000006
0.036685,0.034737500000000004,0.031895
0.0368025,0.0348325,0.03198
0.036965,0.0350075,0.03218
0.037072499999999994,0.0351775,0.032335
0.037175,0.035352499999999995,0.0324725
0.037434999999999996,0.035679999999999996,0.032757499999999995
0.03782,0.036112500000000006,0.033159999999999995
0.0381075,0.0364,0.03341
0.0381525,0.0364175,0.03340750000000001
0.0382325,0.0364225,0.033452499999999996
0.0385825,0.036629999999999996,0.0337525
0.0389475,0.03688,0.0340675
0.039125,0.03707,0.034262499999999994
0.0392625,0.03727,0.0344025
0.039395,0.037495,0.034492499999999995
0.0395325,0.03773749999999999,0.0346475
0.039645,0.03785,0.03487
0.039755,0.03789,0.0350225
0.03996,0.038105,0.035115
0.0400275,0.038262500000000005,0.035145
0.0398825,0.038175,0.0351925
0.0397625,0.0379675,0.0351875
0.03991,0.0379925,0.03516
0.0403875,0.038395,0.035365
0.040925,0.0388625,0.03573
0.0411175,0.03902749999999999,0.035852499999999995
0.0410425,0.038995,0.0357675
0.041052500000000006,0.039044999999999996,0.035840000000000004
0.041197500000000005,0.039147499999999995,0.036070000000000005
0.0413225,0.0392425,0.036235
0.04134,0.039400000000000004,0.03634
0.04141,0.0396875,0.0365575
0.041690000000000005,0.040057499999999996,0.0368475
0.04199,0.04032,0.037015
0.042047499999999995,0.0403375,0.0370275
0.0419975,0.0402275,0.0369675
0.0420675,0.040150000000000005,0.036934999999999996
0.0420975,0.040075,0.036875000000000005
0.0419725,0.0400375,0.03682
0.041905,0.0401225,0.0369
0.042005,0.04024,0.03708
0.042185,0.04036,0.037224999999999994
0.042265,0.0404825,0.037254999999999996
0.042175,0.040510000000000004,0.037195
0.042042500000000003,0.0404725,0.0371775
0.0420725,0.0406425,0.03735
0.0423325,0.0409975,0.0376525
0.04262,0.041215,0.037885
0.04270500000000001,0.04114999999999999,0.03794
0.042667500000000004,0.04098,0.0379375
0.04271,0.04097,0.0379875
0.0428725,0.0411275,0.0380925
0.04302,0.0413,0.038155
0.0429625,0.04129,0.038005000000000004
0.0426725,0.041045,0.03769
0.0424825,0.040862499999999996,0.037500000000000006
0.0426175,0.0408825,0.037622499999999996
0.04283,0.04103,0.037955
0.0429625,0.0412575,0.0382275
0.0430375,0.0414225,0.0383375
0.042952500000000005,0.0413625,0.038355
0.0428,0.04126250000000001,0.038329999999999996
0.0428,0.041285,0.0382575
0.04293,0.041315,0.038175
0.043025,0.0412525,0.038155
0.042995000000000005,0.0411925,0.0381775
0.042977499999999995,0.041285,0.0381825
0.043075,0.0414675,0.038175
0.043195,0.0415675,0.0382325
0.043212499999999994,0.04156499999999999,0.0383625
0.043145,0.0416,0.0384825
0.0431725,0.041729999999999996,0.0386025
0.04334,0.041885000000000006,0.0387025
0.04342,0.041957499999999995,0.0386525
0.043329999999999994,0.0419275,0.0385225
0.043300000000000005,0.04189999999999999,0.03852
0.0433975,0.041875,0.0386525
0.04356,0.0418975,0.03884
0.0437525,0.04199,0.039044999999999996
0.0437475,0.04193,0.039052500000000004
0.043495,0.0417275,0.0387425
0.043335,0.0416975,0.03846
0.04335,0.0418475,0.038412499999999995
0.04334,0.0419325,0.038422500000000005
0.04328,0.041865,0.0384025
0.04324,0.04175,0.038405
0.0432525,0.0417425,0.038442500000000004
0.0433275,0.0418225,0.03852
0.0433475,0.041802500000000006,0.038525000000000004
0.043212499999999994,0.041664999999999994,0.0384225
0.043160000000000004,0.041687499999999995,0.038439999999999995
0.04336,0.0419375,0.038610000000000005
0.0435025,0.0420325,0.03863
0.043392499999999994,0.0418225,0.03841
0.0432425,0.04169249999999999,0.03825
0.043185,0.041805,0.03828999999999999
0.043172499999999996,0.04193,0.038392499999999996
0.0431725,0.041895,0.038405
0.043145,0.041735,0.038345
0.0430875,0.041575,0.03825
0.043054999999999996,0.0415,0.038169999999999996
0.043062500000000004,0.0415075,0.038224999999999995
0.043047499999999995,0.041554999999999995,0.0384075
0.042937499999999997,0.041542499999999996,0.03848
0.04269,0.041327499999999996,0.0382425
0.04237,0.04099,0.0377725
0.042195,0.04084,0.037474999999999994
0.04224749999999999,0.040885000000000005,0.0375075
0.04233,0.040885,0.037605
0.04233,0.040900000000000006,0.03766750000000001
0.042304999999999995,0.040987499999999996,0.0377325
0.042245,0.0409875,0.0377275
0.0420975,0.0408525,0.0375925
0.041915,0.040615000000000005,0.037355
0.041780000000000005,0.0404075,0.0371775
0.041752500000000005,0.0403375,0.037180000000000005
0.0416675,0.04029,0.037225
0.0413825,0.040145,0.037115
0.041177500000000006,0.04011,0.037015000000000006
0.04122,0.040220000000000006,0.03703
0.0412625,0.04021,0.036957500000000004
0.041177500000000006,0.0400375,0.0368
0.0410125,0.0398125,0.0366725
0.0407725,0.03957,0.036445000000000005
0.04047,0.039315,0.036102499999999996
0.0402575,0.03909000000000001,0.0358425
0.0402375,0.039052500000000004,0.03579
0.040285,0.039192500000000005,0.035922499999999996
0.040215,0.0391675,0.0359875
0.04007,0.038935,0.0358275
0.0400375,0.038794999999999996,0.035644999999999996
0.04003,0.03872249999999999,0.0355325
0.0399175,0.038634999999999996,0.0355075
0.039757499999999994,0.038635,0.035535
0.039525,0.03853,0.035405
0.0393,0.03824,0.0350925
0.03926,0.038064999999999995,0.0348775
0.039285,0.0380475,0.034809999999999994
0.0391775,0.037995,0.034755
0.03891,0.037835,0.034652499999999996
0.038595,0.037594999999999996,0.034515
0.038405,0.0374,0.034327500000000004
0.0382875,0.03725,0.0341225
0.0380975,0.037055000000000005,0.0339125
0.037884999999999995,0.0368325,0.033715
0.037745,0.036610000000000004,0.033545000000000005
0.0376125,0.036435,0.0334075
0.03738,0.0363175,0.033264999999999996
0.0371125,0.0361625,0.033055
0.0369825,0.0359675,0.0328875
0.036947499999999994,0.035855,0.032854999999999995
0.036844999999999996,0.0358275,0.03282
0.0366625,0.0357175,0.03265
0.036462499999999995,0.035515,0.0324225
0.036315,0.0353775,0.0323275
0.0362825,0.0353825,0.0324375
0.0363075,0.03546,0.032580000000000005
0.0362575,0.0353725,0.032525
0.0360925,0.035085000000000005,0.032260000000000004
0.0358525,0.0347775,0.031955
0.0355775,0.0345475,0.031725
0.03526,0.03431,0.0314475
0.03495,0.0339925,0.031089999999999996
0.034784999999999996,0.03377,0.030915
0.0346775,0.0336925,0.0308825
0.03449,0.0335875,0.030744999999999998
0.034305,0.033420000000000005,0.030555000000000002
0.034257499999999996,0.033295000000000005,0.030395000000000002
0.034307500000000005,0.033245000000000004,0.030287500000000002
0.0342425,0.0331575,0.030235
0.033985,0.032982500000000005,0.030119999999999997
0.03368,0.0328325,0.0299625
0.033385,0.032654999999999997,0.0298325
0.0331675,0.0324375,0.029725
0.033125,0.032354999999999995,0.029659999999999995
0.0331175,0.03234,0.0295625
0.0330325,0.0322425,0.029415
0.0329225,0.032045,0.029292500000000003
0.0327425,0.031760000000000004,0.029155
0.0324375,0.031455000000000004,0.028984999999999997
0.0320975,0.0311475,0.0287275
0.031784999999999994,0.0308625,0.0283575
0.031564999999999996,0.030659999999999996,0.028082500000000003
0.031405,0.03052,0.0279875
0.03128,0.030404999999999998,0.0279525
0.0312375,0.03032,0.02787
0.031130000000000005,0.030150000000000003,0.027657499999999998
0.030817499999999998,0.029875,0.02737
0.030497499999999997,0.029635,0.027135000000000003
0.0303,0.029442499999999996,0.026955
0.030125,0.029269999999999997,0.0267975
0.029882500000000003,0.029079999999999998,0.02656
0.0295575,0.0288125,0.02623
0.029307499999999997,0.028624999999999998,0.0260525
0.0291625,0.02853,0.0260325
0.0290375,0.028405,0.02594
0.0289875,0.028325,0.025855
0.0289525,0.028284999999999998,0.0258525
0.028794999999999998,0.028125,0.025767500000000002
0.02862,0.0278925,0.0255975
0.0284575,0.0276825,0.02545
0.028225,0.0275025,0.025285000000000002
0.02802,0.0274025,0.025115000000000002
0.0279025,0.027327499999999998,0.02499
0.02774,0.027167499999999997,0.02488
0.0275375,0.0269825,0.024814999999999997
0.027374999999999997,0.02683,0.024717500000000003
0.0272025,0.026665,0.024475
0.0269475,0.0264925,0.02422
0.0266425,0.026265,0.0240025
0.026432499999999998,0.0260075,0.023809999999999998
0.026295,0.0257625,0.023655
0.026087500000000003,0.0254775,0.02343
0.0259425,0.025345000000000003,0.02326
0.025985,0.025502499999999997,0.0233575
0.026005,0.025605000000000003,0.0234775
0.025945000000000003,0.025427500000000002,0.023434999999999997
0.025845,0.025175,0.0232725
0.025695,0.025052500000000002,0.0231025
0.0255475,0.025005,0.022962499999999997
0.025397499999999996,0.024875,0.0228225
0.0252975,0.0247825,0.0227325
0.02529,0.02477,0.022725000000000002
0.0253175,0.024759999999999997,0.022770000000000002
0.025267500000000002,0.024745,0.0227825
0.025172499999999997,0.02469,0.02273
0.02513,0.0245975,0.02272
0.025154999999999997,0.0244975,0.022735000000000002
0.0252175,0.02445,0.0227525
0.0252,0.024435,0.022705
0.025124999999999998,0.02447,0.02259
0.025155,0.0245925,0.0225675
0.025175,0.024579999999999998,0.0226125
0.025144999999999997,0.024472499999999998,0.0227075
0.02521,0.02447,0.022817499999999998
0.025275,0.024425,0.0227225
0.025235,0.024355,0.022580000000000003
0.025230000000000002,0.024447500000000004,0.022625
0.025255,0.024595,0.02271
0.025265,0.02461,0.022715
0.025390000000000003,0.0246275,0.0227575
0.02561,0.024710000000000003,0.0229075
0.025662499999999998,0.02475,0.02298
0.025575,0.024724999999999997,0.022914999999999998
0.0254825,0.0246575,0.0228325
0.025382500000000002,0.0245575,0.0227925
0.025365000000000002,0.0245,0.0227925
0.025425,0.02451,0.022767500000000003
0.025447499999999998,0.02453,0.022715000000000003
0.025322499999999998,0.0244725,0.0226375
0.025125,0.02431,0.02252
0.0250975,0.024200000000000003,0.022459999999999997
0.02512,0.024185,0.022439999999999998
0.02488,0.0240475,0.022305000000000002
0.0244875,0.023732499999999997,0.0220775
0.0241575,0.023385,0.021824999999999997
0.02386,0.0230775,0.021545
0.0236525,0.022887499999999998,0.021339999999999998
0.023605,0.0228425,0.02126
0.02364,0.0228325,0.021225
0.023615,0.022805,0.0211625
0.023485,0.022737499999999997,0.02104
0.023377500000000002,0.022707500000000002,0.02097
0.02333,0.02272,0.021042500000000002
0.02324,0.022635000000000002,0.021065
0.023065000000000002,0.0224375,0.020947500000000004
0.0229125,0.022305,0.020845
0.02287,0.022285,0.0207875
0.02286,0.022295,0.0207225
0.022845,0.022289999999999997,0.0206825
0.02278,0.022215000000000002,0.02061
0.02263,0.022085,0.02044
0.0225425,0.02199,0.020327500000000002
0.0225125,0.021922499999999998,0.0203175
0.022352499999999997,0.021815,0.0202125
0.0220975,0.0216525,0.02002
0.02189,0.021455000000000002,0.019837499999999997
0.021735,0.021247500000000002,0.0196725
0.0216475,0.021095,0.0195275
0.0215475,0.02099,0.0194625
0.02142,0.0209325,0.019465000000000003
0.021330000000000002,0.0208975,0.019477500000000002
0.02132,0.020855,0.01949
0.0213075,0.0208225,0.01946
0.021204999999999998,0.02075,0.0193375
0.0210875,0.020624999999999998,0.019205
0.020937499999999998,0.020455,0.0190675
0.02065,0.020202499999999998,0.0188275
0.0204475,0.020035,0.0186325
0.020382499999999998,0.0200025,0.0185875
0.020225,0.0199175,0.01854
0.0199825,0.019715,0.0183975
0.0197175,0.019437499999999996,0.0181775
0.0194825,0.0192075,0.0179825
0.019355,0.019135,0.0178975
0.01927,0.019057499999999998,0.017795
0.0191375,0.0188925,0.017585
0.0189575,0.0187125,0.0173725
0.0187675,0.018535000000000003,0.01725
0.018675,0.0184075,0.017217499999999997
0.0186825,0.018369999999999997,0.0172175
0.018635,0.018385000000000002,0.017177500000000002
0.0185475,0.01844,0.0172125
0.018475,0.018465000000000002,0.017285
0.018377499999999998,0.0183625,0.017167500000000002
0.018285,0.018205,0.016975
0.018245,0.0181025,0.0169075
0.0181775,0.018009999999999998,0.0168575
0.018064999999999998,0.01789,0.01677
0.018027500000000002,0.017857500000000002,0.0167375
0.0180675,0.0179575,0.01681
0.0180225,0.01798,0.016815
0.0178,0.017742499999999998,0.01661
0.017575,0.017445000000000002,0.0163875
0.017475,0.01736,0.016315
0.017422499999999997,0.0173375,0.01625
0.017315,0.017237500000000003,0.0161125
0.01721,0.017147500000000003,0.0159775
0.0171725,0.0171575,0.015960000000000002
0.01715,0.01716,0.015965
0.017057500000000003,0.0170375,0.0158625
0.016900000000000002,0.0168275,0.0157275
0.016747500000000002,0.016654999999999996,0.0156125
0.01667,0.016575,0.015555
0.016595000000000002,0.016502500000000003,0.015515
0.01647,0.0164375,0.0154375
0.0163775,0.01641,0.015365
0.0163275,0.0163425,0.015315000000000002
0.016215,0.016245,0.01523
0.0160225,0.016149999999999998,0.0150825
0.015925,0.0160825,0.014985
0.015965,0.016065,0.015002500000000002
0.0159925,0.0160825,0.0151075
0.01596,0.016085,0.015189999999999999
0.0158875,0.015982499999999997,0.01515
0.01582,0.0157975,0.015025
0.0157875,0.015677499999999997,0.014852500000000001
0.015710000000000002,0.0155875,0.014655
0.0156075,0.0155125,0.01458
0.0155825,0.015512499999999999,0.014682500000000001
0.015567499999999998,0.015494999999999998,0.014739999999999998
0.015495,0.015355,0.014612499999999999
0.015362500000000001,0.0151925,0.014397499999999999
0.015207499999999999,0.015085,0.01428
0.01508,0.015002499999999998,0.014267499999999999
0.015,0.01497,0.0142575
0.0150475,0.015099999999999999,0.01428
0.015112500000000001,0.015235,0.014320000000000001
0.015007500000000002,0.0150975,0.0142125
0.014777499999999999,0.01478,0.0139325
0.0146075,0.01455,0.013685
0.01458,0.01449,0.0136525
0.014655000000000001,0.014485,0.013742500000000001
0.014669999999999999,0.014454999999999999,0.013737500000000001
0.014530000000000001,0.014385,0.013622500000000001
0.014365000000000001,0.0143475,0.013547499999999999
0.014280000000000001,0.014329999999999999,0.01353
0.014169999999999999,0.014204999999999999,0.0134225
0.0140325,0.013985,0.013277500000000001
0.0138875,0.0138075,0.013139999999999999
0.0137925,0.013735,0.013032499999999999
0.0138,0.013735,0.013037499999999999
0.0138,0.013697500000000001,0.01308
0.0137625,0.01364,0.013025
0.01373,0.0135975,0.012902499999999999
0.0136525,0.0135225,0.01279
0.013505,0.013454999999999998,0.0126825
0.013319999999999999,0.0134,0.012592500000000001
0.013157499999999999,0.013327500000000003,0.0125325
0.0130875,0.01326,0.01247
0.013104999999999999,0.013224999999999999,0.012419999999999999
0.013062500000000001,0.013090000000000001,0.012315
0.012799999999999999,0.0127625,0.01206
0.01251,0.012497500000000002,0.01182
0.0124625,0.0125275,0.0118225
0.01256,0.012677500000000001,0.011932499999999999
0.012580000000000001,0.012727500000000001,0.0119475
0.0125125,0.012660000000000001,0.01187
0.012390000000000002,0.0124925,0.0118225
0.0123175,0.0123975,0.0118475
0.0123425,0.0124425,0.011887499999999999
0.012295,0.012410000000000001,0.0118175
0.012175,0.0122475,0.011647500000000002
0.012112499999999998,0.0120775,0.0115125
0.012034999999999999,0.011914999999999999,0.011407500000000001
0.011935,0.01177,0.011325000000000002
0.01187,0.01173,0.01125
0.011760000000000001,0.011685,0.011109999999999998
0.011600000000000001,0.0115375,0.0109525
0.011495000000000002,0.0113975,0.0107975
0.011495,0.011365,0.010690000000000002
0.0114925,0.011405,0.0107
0.01132,0.011349999999999999,0.01071
0.011019999999999999,0.011110000000000002,0.0106
0.01082,0.010794999999999999,0.0103975
0.0107575,0.010605,0.010195000000000001
0.010672500000000001,0.0104925,0.010069999999999999
0.01065,0.0104375,0.0101425
0.0107675,0.010567499999999999,0.010360000000000001
0.010707499999999998,0.010595,0.010355
0.0104425,0.0103975,0.0100925
0.0103125,0.010310000000000001,0.009947500000000001
0.010239999999999999,0.010235,0.0098475
0.010072500000000002,0.0099975,0.0096975
0.0099775,0.0099075,0.0096775
0.01001,0.0101,0.009775
0.009949999999999999,0.010134999999999998,0.0097675
0.0097275,0.0098875,0.009625
0.0095375,0.0097225,0.00947
0.0095025,0.009685000000000001,0.009340000000000001
0.0096875,0.00974,0.009345
0.009835,0.009835,0.009395
0.009765,0.009885,0.009447500000000001
0.00979,0.010005,0.009625
0.009835,0.010065000000000001,0.009715
0.009595,0.009770000000000001,0.0094675
0.0092625,0.009345000000000001,0.0090925
0.0090975,0.00914,0.0088975
0.009009999999999999,0.0090475,0.008835
0.009007500000000002,0.009062500000000001,0.0088625
0.009224999999999999,0.0093325,0.009027499999999999
0.009497499999999999,0.00961,0.0092375
0.009579999999999998,0.009595,0.009327499999999999
0.0093175,0.0092225,0.0091325
0.008872500000000002,0.0087525,0.0087625
0.0086975,0.008615,0.008605
0.0088425,0.00884,0.008677500000000001
0.008935,0.0090725,0.0087175
0.00889,0.009107500000000001,0.00871
0.0088675,0.009045,0.0086875
0.00897,0.009075,0.008655
0.009105,0.009250000000000001,0.0086725
0.0091025,0.009335,0.0086975
0.009085,0.0092525,0.008767500000000001
0.009094999999999999,0.009174999999999999,0.00882
0.009017500000000001,0.009077499999999999,0.008665
0.00895,0.00896,0.008535
0.0089475,0.0089425,0.008647499999999999
0.009022500000000001,0.009077499999999999,0.00885
0.0091325,0.0093075,0.0090175
0.009125,0.009357500000000001,0.00902
0.009014999999999999,0.0092275,0.008855
0.00889,0.0090425,0.008685
0.00882,0.008897500000000001,0.00857
0.0088625,0.008935,0.008575
0.0088525,0.008947499999999999,0.008677500000000001
0.00865,0.00868,0.00862
0.0084575,0.00839,0.0083575
0.008450000000000001,0.008435,0.008257500000000001
0.0085325,0.0086975,0.008452500000000002
0.0085425,0.008795,0.008597500000000001
0.008455,0.0087325,0.0085725
0.008454999999999999,0.0087425,0.0085725
0.0086075,0.0087925,0.008602499999999999
0.0087175,0.0087625,0.008567499999999999
0.0087525,0.008705000000000001,0.008392499999999999
0.008749999999999999,0.0086625,0.0082025
0.008632500000000001,0.008657499999999999,0.008235
0.00859,0.0087625,0.0084925
0.008745,0.008937500000000001,0.0087425
0.00895,0.009135,0.0088975
0.0090525,0.009255,0.008917499999999998
0.008972500000000001,0.0091825,0.0087675
0.00895,0.0091925,0.0086975
0.009062500000000001,0.00937,0.008792499999999998
0.0091125,0.009425,0.008955000000000001
0.0091625,0.0094025,0.0090925
0.009184999999999999,0.00933,0.0090375
0.0090525,0.009185,0.0088075
0.0088775,0.009152500000000001,0.0087025
0.008799999999999999,0.0092725,0.0088325
0.008875000000000001,0.00944,0.009094999999999999
0.009112499999999999,0.009615,0.0092975
0.0093425,0.0097,0.0093225
0.009320000000000002,0.00959,0.009219999999999999
0.00921,0.009455000000000002,0.00918
0.009267500000000001,0.009515000000000001,0.0093175
0.009335,0.009617500000000001,0.009425
0.00924,0.00958,0.0093925
0.0091325,0.0094325,0.0092975
0.0092875,0.009430000000000001,0.00935
0.009535,0.0095575,0.00953
0.00943,0.00945,0.009437500000000001
0.009105,0.009167499999999999,0.0090425
0.008835,0.0090375,0.008715
0.0087675,0.009195,0.00878
0.0088975,0.009430000000000001,0.009075
0.008985,0.009455,0.0091675
0.009000000000000001,0.009349999999999999,0.009107500000000001
0.0090025,0.009345,0.00909
0.008872500000000002,0.009425,0.00904
0.008745,0.00945,0.0089975
0.0088025,0.0093925,0.008995
0.0088775,0.0093025,0.008942499999999999
0.008785,0.0092,0.0088825
0.0086525,0.0091025,0.0088675
0.0086125,0.009062500000000001,0.008834999999999999
0.008637500000000001,0.009012500000000001,0.008692499999999999
0.008695,0.008975,0.0086175
0.008772499999999999,0.009004999999999999,0.008705
0.0088475,0.009105,0.008802500000000001
0.00898,0.0092525,0.0088425
0.009080000000000001,0.009305,0.0088425
0.0090275,0.00921,0.0088225
0.0088575,0.00907,0.008775000000000002
0.008635,0.0089225,0.008635
0.00841,0.008757500000000001,0.0085
0.008255,0.00863,0.008465
0.00829,0.008589999999999999,0.008535000000000001
0.008522499999999999,0.00864,0.0086925
0.0087725,0.0087375,0.00892
0.0088175,0.00889,0.009059999999999999
0.00869,0.009075,0.0090425
0.008462500000000001,0.0092075,0.00898
0.008215,0.009309999999999999,0.00907
0.00814,0.00969,0.009235
0.0084525,0.0099175,0.009537499999999999
0.008684999999999998,0.00965,0.00984
0.007730000000000001,0.008785,0.009155
0.00558,0.006925000000000001,0.007384999999999999
0.00404,0.00567,0.006325
0.00378,0.006830000000000001,0.0064475
0.0040525000000000005,0.006682500000000001,0.0066725
0.0042450000000000005,0.0060475,0.00589
0.0053974999999999995,0.0064525,0.0057475
0.006685,0.0077475,0.0064600000000000005
0.007327499999999999,0.00856,0.007425
0.0082475,0.007045,0.008954999999999998
0.0088025,0.006262500000000001,0.0095775
0.007765,0.00928,0.008097499999999999
0.007455000000000001,0.01003,0.007965
0.0076725000000000005,0.009495,0.008817499999999999
0.008165,0.0092325,0.009685
0.0088075,0.00913,0.0103375
0.0088425,0.00913,0.010405000000000001
0.00801,0.00867,0.0098975
0.0068650000000000004,0.0082525,0.008965
0.0067475,0.0080275,0.0086175
0.007617499999999999,0.008392499999999999,0.0090425
0.008639999999999998,0.008385,0.009712499999999999
0.008632500000000001,0.0085675,0.0093325
0.0080975,0.0085525,0.008365000000000001
0.00782,0.0088475,0.0077975
0.0084025,0.00881,0.00845
0.0089525,0.0090425,0.009195000000000002
0.0089425,0.009245,0.0092925
0.0085525,0.008855,0.0089675
0.0081325,0.00825,0.008615000000000001
0.0080375,0.0080725,0.0084675
0.008247500000000001,0.00835,0.00848
0.008530000000000001,0.008587500000000001,0.0086125
0.008667500000000002,0.0087075,0.0087475
0.0085775,0.0085225,0.0087575
0.0083025,0.008262499999999999,0.008594999999999998
0.0081025,0.008175,0.0084825
0.007932499999999999,0.008045,0.0082925
0.00762,0.0078375,0.00785
0.0075225000000000005,0.0078425,0.0075975
0.0078875,0.0080575,0.0078175
0.008315,0.0082325,0.008195000000000001
0.0083575,0.00825,0.008307499999999999
0.0080375,0.0081275,0.008067499999999998
0.0078075,0.008025000000000001,0.0077775
0.0078075,0.007935,0.00762
0.007655,0.00763,0.0074175000000000005
0.00749,0.007415,0.007254999999999999
0.0077375,0.0076300000000000005,0.007402500000000001
0.00784,0.00784,0.007485
0.0074025,0.0076974999999999995,0.0072074999999999995
0.0069700000000000005,0.0074375000000000005,0.0069500000000000004
0.0067125,0.007137500000000001,0.006885
0.0064600000000000005,0.0068225000000000004,0.00669
0.006465,0.006625,0.00647
0.0067825,0.006645,0.0065450000000000005
0.0071625000000000005,0.0068225,0.0067925
0.007169999999999999,0.0068775,0.0068875
0.006790000000000001,0.0066925000000000005,0.006787500000000001
0.006585,0.0065475,0.006752500000000001
0.0064625,0.006425,0.0066075
0.00621,0.006252499999999999,0.0062325
0.00638,0.006465,0.0062525
0.006795,0.006744999999999999,0.0065525
0.0068625,0.006552499999999999,0.0065975
0.00682,0.006422499999999999,0.006667500000000001
0.006805,0.0065225,0.006747500000000001
0.0067075,0.006522499999999999,0.0065225
0.0065425,0.00646,0.006252499999999999
0.0063075,0.00631,0.0061175
0.00623,0.006155,0.0062175
0.0061675,0.006,0.0063575
0.005934999999999999,0.005715,0.0062025000000000005
0.0058200000000000005,0.0055475,0.0059525
0.0058224999999999996,0.005565,0.005872500000000001
0.005944999999999999,0.005635,0.0059050000000000005
0.00614,0.00566,0.00583
0.006019999999999999,0.005667500000000001,0.0055674999999999995
0.005582500000000001,0.0055450000000000004,0.0052825
0.0053774999999999995,0.0052475,0.005135
0.0059,0.0055075,0.0054475
0.0064624999999999995,0.0061275,0.005917499999999999
0.006125,0.0059325,0.00572
0.00572,0.005549999999999999,0.00532
0.006072500000000001,0.0059275000000000005,0.005475
0.0064675,0.006425,0.0057425
0.0063525,0.0063999999999999994,0.00576
0.00584,0.0057775,0.005445
0.005444999999999999,0.0050374999999999994,0.005045
0.005615,0.0049,0.00528
0.0055625,0.0048175,0.005515
0.005007500000000001,0.0044675,0.005144999999999999
0.0047775,0.0046300000000000004,0.004817500000000001
0.00492,0.005005,0.0046625
0.0052,0.0050325,0.0047125
0.005744999999999999,0.0052375,0.005265
0.0061275,0.00536,0.0053325000000000004
0.0055775,0.0047975,0.00411
0.0049175,0.00481,0.0032925000000000003
0.00533,0.0057575,0.004175
0.0054275,0.00556,0.004784999999999999
0.0036774999999999998,0.003952499999999999,0.00395
0.0023150000000000002,0.0030275000000000002,0.0035825
0.0028199999999999996,0.0029475,0.0038125
0.0030575,0.00241,0.0031599999999999996
0.0025725,0.0018275000000000001,0.0021874999999999998
0.0026275,0.0021275,0.0021375
0.0032975,0.002885,0.0028250000000000003
0.0040325,0.0035575,0.0034925000000000004
0.0048325,0.0043175,0.004385
0.005447499999999999,0.0047799999999999995,0.0051625
0.0055375,0.0047275,0.00519
0.004860000000000001,0.0042575,0.004545
0.0037524999999999998,0.0035824999999999997,0.0036075
0.0035075,0.0035825,0.0035224999999999996
0.004045,0.0040925,0.00418
0.0042575,0.0041825000000000005,0.0042625
0.0041725,0.0039825,0.004035
0.00428,0.0039924999999999995,0.0042425
0.00441,0.004115,0.0045325
0.0045175,0.0042025,0.004647500000000001
0.0049025,0.0044150000000000005,0.004915
0.0053225,0.004765,0.0052575
0.0053025,0.0048975,0.0051675
0.0049074999999999995,0.00469,0.004685
0.0047475,0.00461,0.004665
0.0050325000000000005,0.0049975,0.0052325
0.005315,0.005455,0.005615
0.0052625,0.0054375000000000005,0.005575
0.0049275,0.0049875,0.00527
0.0046675,0.004659999999999999,0.0049225
0.004595,0.00429,0.00448
0.004595,0.0038424999999999996,0.003995
0.0047075,0.003922500000000001,0.0040525000000000005
0.004815,0.0043100000000000005,0.004515
0.00485,0.004445,0.00477
0.0050425,0.004595,0.0049875
0.005275,0.0047425,0.0051725
0.005265,0.0045325,0.0050275
0.0051975,0.0043675,0.0048825
0.0050999999999999995,0.0044,0.0048675
0.00458,0.004035,0.0043925
0.0039675,0.0034200000000000003,0.0037025
0.0039375,0.0033425,0.0036825
0.00432,0.0038425,0.0042675000000000005
0.00472,0.004345,0.00467
0.0048375,0.0044525,0.0045775
0.0044125,0.0041575,0.0041475
0.0038875,0.0037800000000000004,0.0036975
0.00397,0.0036074999999999996,0.003595
0.004527499999999999,0.0036775,0.0038025
0.004710000000000001,0.0036725,0.00391
0.004432500000000001,0.003435,0.003855
0.004484999999999999,0.0034925,0.003962500000000001
0.0045675,0.003775,0.0040125000000000004
0.003935,0.0037375,0.00379
0.00308,0.0034974999999999997,0.0035575
0.0027975,0.0032624999999999998,0.0034799999999999996
0.0029875,0.0028625000000000005,0.0034000000000000002
0.0029775,0.00224,0.00285
0.002785,0.00198,0.002235
0.00301,0.002365,0.0024249999999999996
0.00322,0.0026300000000000004,0.0028675000000000003
0.0025625,0.0020325,0.0026049999999999997
0.0013974999999999999,0.0013025,0.0022225
0.0009150000000000001,0.0015275,0.0025800000000000003
0.0011975,0.00184,0.0029
0.0013874999999999998,0.0014775,0.0023250000000000002
0.0015025000000000001,0.0012775,0.00184
0.0020225,0.0016325,0.0022500000000000003
0.0026325000000000003,0.0022825,0.0028225
0.003045,0.0032525,0.0031425000000000003
0.003475,0.004175,0.0036425
0.0040999999999999995,0.004517500000000001,0.0044399999999999995
0.00456,0.0045225,0.0050125
0.004135,0.003985000000000001,0.00452
0.002935,0.0028125,0.0031925
0.00198,0.0019825,0.002255
0.0018525,0.001845,0.0020925
0.0021625,0.0018899999999999998,0.0022175
0.00226,0.0018900000000000002,0.0023325
0.0023625,0.0022600000000000003,0.0027775
0.0027600000000000003,0.0030875000000000004,0.0035250000000000004
0.0032025,0.003835,0.0041275
0.003545,0.0042275,0.0046075
0.003585,0.0040725,0.0047375
0.00321,0.00347,0.0043425
0.0028824999999999996,0.0031175,0.0039125
0.0027325,0.0029924999999999995,0.0035399999999999997
0.002255,0.0023725,0.00281
0.0015550000000000002,0.0013925,0.0019275
0.0015225,0.001055,0.0018150000000000002
0.00183,0.0012799999999999999,0.0021975000000000002
0.0013975,0.001255,0.0020825
0.0007899999999999999,0.0013175,0.001805
0.0007375,0.0015475,0.0017649999999999999
0.0008325,0.00134,0.001645
0.0011575,0.0011075,0.0016625
0.0019299999999999999,0.001565,0.0021225000000000003
0.00258,0.0024275,0.00279
0.0025375,0.00297,0.0033075
0.0018775,0.00281,0.0033425
0.001405,0.0024225,0.00315
0.0016775000000000002,0.00258,0.003425
0.0020075,0.0029075,0.0037524999999999998
0.0019349999999999999,0.002805,0.003535
0.002,0.0024124999999999997,0.00321
0.0022075000000000003,0.001925,0.0030600000000000002
0.002045,0.001585,0.0027900000000000004
0.0016125,0.0014075,0.0022525
0.00119,0.001175,0.0017575000000000002
0.00119,0.0013175,0.0019450000000000001
0.0018475,0.0021349999999999997,0.0028825
0.0024850000000000002,0.002915,0.00366
0.002575,0.0030974999999999996,0.0036824999999999996
0.002385,0.00292,0.0033825
0.0022925,0.002695,0.0032099999999999997
0.0021550000000000002,0.0025325,0.0031450000000000002
0.001945,0.00248,0.0030825
0.0019025000000000001,0.002555,0.0030025
0.0019500000000000001,0.0026925,0.002895
0.0020975,0.00269,0.0027925
0.002265,0.0025475000000000003,0.002855
0.00238,0.0024275,0.0030824999999999997
0.0024000000000000002,0.00234,0.003135
0.0022925000000000003,0.002255,0.00294
0.00217,0.0022175,0.0028625
0.0022500000000000003,0.0024225,0.0031425000000000003
0.0024075,0.00279,0.00345
0.0024025,0.00294,0.0033825
0.0022675,0.0027700000000000003,0.00304
0.0021375,0.00255,0.00284
0.0022525,0.0024925,0.0030050000000000003
0.0024150000000000005,0.0025375,0.0032525
0.0023150000000000002,0.0025775,0.00327
0.0021275,0.00253,0.0031075
0.0020025,0.002325,0.002885
0.002,0.0021375,0.002755
0.0020975,0.00219,0.00281
0.002135,0.002365,0.00292
0.0020325,0.002435,0.0029474999999999996
0.001925,0.002405,0.0029625
0.00198,0.002335,0.0029850000000000002
0.00196,0.0022424999999999997,0.0029249999999999996
0.0017975,0.0022500000000000003,0.002915
0.0019375,0.00243,0.0031275
0.0022475,0.0026125,0.0033325000000000004
0.0022524999999999997,0.00262,0.003305
0.0019549999999999997,0.00248,0.0031075
0.0017274999999999999,0.002375,0.0029225
0.00185,0.0024575,0.0029375
0.0021975,0.0026750000000000003,0.003195
0.0024175,0.002825,0.0034825
0.0022949999999999997,0.0027575000000000004,0.00351
0.002085,0.002535,0.0032500000000000003
0.0019625000000000003,0.002365,0.0029275
0.0018149999999999998,0.0023899999999999998,0.0028174999999999997
0.00188,0.002545,0.00294
0.002105,0.002695,0.0031475
0.0022375000000000003,0.0028274999999999997,0.0033725
0.0022825,0.0028975,0.0035275
0.0023,0.002745,0.0034075
0.0021525,0.0025499999999999997,0.0031374999999999997
0.0020550000000000004,0.0026500000000000004,0.0031125
0.0022825,0.0029049999999999996,0.003315
0.0023799999999999997,0.003,0.0034300000000000008
0.0022875,0.0029425,0.0033975000000000003
0.0023025,0.0029175,0.0033575000000000002
0.0023875,0.002915,0.003345
0.00231,0.0028275,0.003275
0.0021225000000000003,0.0026325000000000003,0.0031349999999999998
0.00207,0.00251,0.0030775
0.00217,0.0026,0.003215
0.0022625,0.0027425,0.0033925
0.0022325,0.0028025000000000003,0.0034575000000000005
0.0021725,0.0027825000000000003,0.00338
0.0020625,0.0026775,0.0032075
0.001885,0.0025375000000000003,0.0030724999999999997
0.0017625,0.0023925,0.0030675
0.0018800000000000002,0.0023150000000000002,0.0031424999999999995
0.00215,0.0024375,0.0032625
0.0022975,0.00281,0.003425
0.002395,0.00313,0.0035424999999999996
0.0023875,0.003105,0.00351
0.002175,0.0029024999999999997,0.0034375
0.00209,0.0028175,0.003465
0.0022050000000000004,0.0029,0.003555
0.002245,0.00305,0.00362
0.0022500000000000003,0.0031275,0.00364
0.0023575,0.0030725,0.0036525000000000004
0.002425,0.0030025,0.0036949999999999995
0.002445,0.0030600000000000002,0.0037925000000000003
0.00262,0.0032424999999999997,0.003905
0.0027925,0.0035050000000000003,0.0040325000000000005
0.0030524999999999997,0.00374,0.0041775
0.0031925,0.0038274999999999997,0.004255
0.0031000000000000003,0.003785,0.0042775
0.0031475,0.003765,0.004325000000000001
0.0032800000000000004,0.003940000000000001,0.004484999999999999
0.0036725,0.0042975,0.00483
0.004195,0.00453,0.0051825000000000005
0.0043125,0.0045025,0.0052625
0.00428,0.004540000000000001,0.0052225
0.0044624999999999995,0.004807499999999999,0.005367500000000001
0.004775,0.0051400000000000005,0.005667500000000001
0.00499,0.005325,0.00587
0.004925,0.005385,0.00593
0.004960000000000001,0.0054075,0.0060125000000000005
0.0052775,0.00531,0.0060375
0.005205,0.0052775,0.0059575
0.005254999999999999,0.0055625,0.0060325
0.00558,0.005935000000000001,0.006194999999999999
0.0057799999999999995,0.00619,0.0063325
0.0058825,0.00638,0.0064824999999999995
0.005895,0.0065425,0.0066925
0.0061075,0.00658,0.0069275
0.00648,0.006404999999999999,0.006987500000000001
0.006407499999999999,0.0062475,0.006855
0.0063025,0.0063974999999999995,0.0068125
0.006444999999999999,0.006704999999999999,0.0069525
0.0065699999999999995,0.0068975,0.0070875
0.0065875,0.006845,0.007082499999999999
0.006575,0.006815,0.0070550000000000005
0.0066475,0.0070799999999999995,0.00727
0.0071275,0.00741,0.0075875
0.0074225,0.0075475,0.0077174999999999995
0.00753,0.0077325,0.007827500000000001
0.008085,0.00816,0.008135
0.008525,0.0087125,0.0086
0.008955000000000001,0.009152500000000001,0.009025
0.0092225,0.0094125,0.0093225
0.0094425,0.009655,0.0096025
0.010172500000000001,0.00989,0.009890000000000001
0.010714999999999999,0.0101725,0.010150000000000001
0.010960000000000001,0.010682500000000001,0.010522499999999999
0.01153,0.0113125,0.011072499999999999
0.012307499999999999,0.011835,0.0116025
0.012757499999999998,0.012145,0.011885
0.012785000000000001,0.012325000000000001,0.011975
0.0132,0.0124925,0.0120525
0.01371,0.012782499999999999,0.012202500000000002
0.0140375,0.0132875,0.012575000000000001
0.014725000000000002,0.013805000000000001,0.0130675
0.015485,0.01418,0.0134575
0.0157675,0.01457,0.013810000000000001
0.015905,0.015020000000000002,0.014222499999999999
0.016305,0.015305,0.014575
0.017015,0.015262500000000002,0.014642500000000001
0.0169825,0.015185,0.0145825
0.016575,0.015349999999999999,0.014805
0.01702,0.015444999999999999,0.014974999999999999
0.017425,0.015470000000000001,0.014845
0.0173725,0.0157075,0.014857500000000001
0.01746,0.01601,0.015090000000000001
0.017585,0.016155,0.0152475
0.0176375,0.0159675,0.015067500000000001
0.017515,0.0155525,0.0146425
0.017134999999999997,0.0155,0.014582499999999998
0.0171475,0.0158025,0.014897500000000001
0.0174625,0.015979999999999998,0.01512
0.017495,0.0159125,0.0151375
0.0174025,0.015765,0.015105
0.0174325,0.015684999999999998,0.01508
0.017325,0.0158225,0.0151825
0.0174,0.015999999999999997,0.015375
0.0175025,0.01579,0.015234999999999999
0.017035,0.0154025,0.0148475
0.01673,0.0153425,0.0147475
0.016865,0.015399999999999999,0.01481
0.01691,0.015290000000000002,0.0147475
0.0167225,0.0150875,0.014597500000000001
0.016495,0.0148775,0.014457499999999998
0.0162825,0.0146525,0.014279999999999998
0.016,0.014432500000000001,0.0140325
0.01565,0.0141875,0.01373
0.015272500000000001,0.013819999999999999,0.01338
0.0148575,0.013389999999999999,0.01303
0.0144075,0.013000000000000001,0.0127
0.013875,0.0125725,0.012289999999999999
0.013232500000000001,0.01204,0.01174
0.0126325,0.011539999999999998,0.011162499999999999
0.012155000000000001,0.011147500000000001,0.010682500000000001
0.0117,0.01083,0.0103625
0.011262499999999998,0.010525,0.0101825
0.010982500000000001,0.010042500000000001,0.009892499999999999
0.010435,0.009304999999999999,0.009277500000000001
0.0095,0.008805,0.008807500000000001
0.009162499999999999,0.008657499999999999,0.008674999999999999
0.009099999999999999,0.008395,0.00839
0.0085075,0.0079975,0.007922499999999999
0.007980000000000001,0.0077575000000000005,0.0076625
0.0076500000000000005,0.00771,0.0076525
0.007665,0.007634999999999999,0.0076749999999999995
0.00774,0.0070574999999999995,0.0073075
0.006665,0.0062375,0.0066525
0.006027500000000001,0.0060625,0.006425
0.00613,0.006195,0.0064025
0.006215,0.0062225,0.0062875
0.0060925,0.006137500000000001,0.0061675
0.005865,0.0060325000000000005,0.0061649999999999995
0.00571,0.0058024999999999995,0.006175
0.005507500000000001,0.005339999999999999,0.006
0.0053975,0.00481,0.005554999999999999
0.0049425,0.004569999999999999,0.0050799999999999994
0.0043925,0.00465,0.00499
0.0045775,0.0046525,0.005065
0.0046875,0.004515,0.00498
0.0043575,0.00453,0.00489
0.0042525,0.004585,0.00487
0.00411,0.0044075,0.004755
0.003765,0.004025,0.0045525
0.0035950000000000005,0.00358,0.004295
0.0032875,0.0033100000000000004,0.0040225
0.0030025,0.0032424999999999997,0.003855
0.0029850000000000002,0.0032300000000000002,0.0038050000000000002
0.0029075,0.0033325,0.0038925
0.0027949999999999997,0.0034225,0.0039875
0.0026325000000000003,0.00313,0.0038225000000000004
0.0026650000000000003,0.0025025000000000004,0.0033299999999999996
0.0026000000000000003,0.002275,0.00298
0.00234,0.0026825,0.0031149999999999997
0.0024475,0.0030725,0.0033725
0.0027600000000000003,0.0031525000000000004,0.0035200000000000006
0.0029125,0.0029925000000000004,0.003515
0.0027475,0.002875,0.0034225
0.002585,0.0029474999999999996,0.003425
0.0027675,0.0029425000000000002,0.0034225
0.0028824999999999996,0.0027324999999999997,0.00326
0.0027425,0.0026774999999999998,0.0031325
0.0027550000000000005,0.00293,0.0032500000000000003
0.0029875,0.0032124999999999996,0.0035125
0.0032075,0.003385,0.00375
0.0032425,0.00346,0.0038900000000000002
0.0032649999999999997,0.0034375,0.0039775
0.0034000000000000002,0.00335,0.0040525000000000005
0.003705,0.0034025,0.0041475
0.0039175,0.0038025,0.004345
0.0041575,0.004295,0.00463
0.00464,0.0045425000000000005,0.00485
0.004895,0.004540000000000001,0.00493
0.0047575,0.004605,0.0050574999999999995
0.00487,0.004762499999999999,0.00532
0.005367500000000001,0.0047775000000000005,0.0055
0.0055425,0.0047975000000000005,0.0055474999999999995
0.0054025,0.00512,0.005685
0.00554,0.005442499999999999,0.00584
0.0057599999999999995,0.0055125,0.0058675
0.0058575,0.005432500000000001,0.005787499999999999
0.0058249999999999994,0.0054025,0.00572
0.005815,0.00548,0.0057575
0.0058375,0.00556,0.0058425
0.005845,0.005569999999999999,0.0059175
0.0060125,0.005515,0.0059475
0.006019999999999999,0.00547,0.00594
0.005875,0.0055775,0.006005
0.0061775,0.0058075,0.00619
0.0066275,0.006035,0.00642
0.006840000000000001,0.0062525,0.006645
0.007045,0.0064875,0.006855
0.0072074999999999995,0.006699999999999999,0.0070425
0.0073775,0.00682,0.007207499999999999
0.007675,0.0068175,0.007287500000000001
0.007724999999999999,0.0068325,0.007307500000000001
0.007705,0.0069700000000000005,0.0073525000000000005
0.0077824999999999995,0.007050000000000001,0.007355
0.0077725,0.0070350000000000005,0.007305
0.0077,0.0070375,0.0072775
0.007669999999999999,0.00699,0.007235
0.007545,0.006790000000000001,0.007075
0.0072475000000000005,0.006580000000000001,0.006895
0.007020000000000001,0.006402500000000001,0.006765
0.006727499999999999,0.006137500000000001,0.00657
0.0063175,0.0058674999999999995,0.0063175
0.0061425,0.0057625,0.006185
0.00614,0.00585,0.006235
0.006275,0.005955,0.0063349999999999995
0.0064575,0.00593,0.0063100000000000005
0.0064525,0.0058674999999999995,0.0062175
0.0063974999999999995,0.00592,0.006229999999999999
0.0065375,0.006047500000000001,0.0063175
0.00668,0.006124999999999999,0.006392500000000001
0.006670000000000001,0.006085,0.00642
0.00662,0.005934999999999999,0.006370000000000001
0.006535,0.0057350000000000005,0.0062275
0.00633,0.005655,0.006105
0.0062775,0.00573,0.0061175000000000005
0.0063225,0.0058475,0.0062325
0.006265000000000001,0.0058725,0.0062924999999999995
0.00612,0.0057075,0.0061525
0.005817500000000001,0.0054225,0.00585
0.0055125,0.0052025,0.0056
0.0054325,0.005085000000000001,0.00549
0.00541,0.0050225,0.005435
0.0052049999999999996,0.0049025,0.0052825
0.0048975,0.00472,0.005065
0.0047075,0.0046025,0.004945000000000001
0.0046625,0.004592499999999999,0.0049525
0.0046775,0.0046075000000000005,0.005005
0.004685,0.004565,0.005035
0.0046575,0.004425,0.0049475
0.004505,0.0042475,0.0047525
0.004315,0.0041975,0.004605
0.004305,0.0042825,0.0046
0.0043775,0.00436,0.0046725
0.0043975,0.0043549999999999995,0.0047225
0.0044025,0.00432,0.00476
0.00442,0.004327500000000001,0.0048025
0.0043775,0.0043324999999999995,0.0048175
0.0043075000000000006,0.00432,0.004817500000000001
0.004305,0.0043175,0.004817500000000001
0.0043225,0.0043324999999999995,0.004785
0.004305,0.00432,0.004735
0.0042375,0.004215,0.004645
0.00407,0.0040775,0.0045000000000000005
0.00397,0.004045,0.004435
0.0040325000000000005,0.004135,0.004495
0.004085,0.00425,0.004565
0.004035,0.004265,0.00457
0.0039725,0.0042075,0.0045525
0.0039575,0.0041825000000000005,0.00455
0.00398,0.004195,0.00456
0.0040375,0.0042125,0.004595
0.0040825,0.0042325,0.00464
0.00405,0.0042325,0.004635
0.00398,0.0042,0.004592499999999999
0.00394,0.0041475,0.004540000000000001
0.0039525,0.00412,0.004525
0.0040675,0.00421,0.004605
0.00424,0.004405,0.0047475
0.00436,0.004555,0.0048175
0.004455,0.0046099999999999995,0.0048200000000000005
0.0045675,0.0046425,0.0048649999999999995
0.004645,0.00467,0.004945
0.004637499999999999,0.004635,0.0049825
0.004605,0.004592499999999999,0.0049925
0.0046225,0.0046475,0.005045
0.0046700000000000005,0.0047775000000000005,0.005125
0.004755,0.00487,0.0051625
0.004892499999999999,0.00493,0.005155
0.0050349999999999995,0.0050225,0.0052049999999999996
0.005105,0.005085,0.005299999999999999
0.005115,0.0050750000000000005,0.00533
0.005067499999999999,0.0050100000000000006,0.005282500000000001
0.00494,0.0048775,0.0051975
0.0048400000000000006,0.0047599999999999995,0.005105
0.0047975,0.00469,0.0050175
0.004699999999999999,0.00461,0.004875
0.0045625,0.004557499999999999,0.0047150000000000004
0.004415,0.004485,0.00459
0.00418,0.0042825,0.0044425
0.0039275000000000004,0.00401,0.004255
0.003795,0.00382,0.004095
0.003745,0.0037375000000000004,0.0040125000000000004
0.0036525,0.0036375,0.0039325
0.0035025000000000004,0.0034525,0.0037974999999999997
0.003305,0.0032300000000000002,0.0036249999999999998
0.0029974999999999997,0.002955,0.0033699999999999997
0.00265,0.002665,0.0030800000000000003
0.002395,0.002455,0.0028725
0.002165,0.0022825,0.00271
0.0019275,0.0020800000000000003,0.00248
0.0017249999999999998,0.0018874999999999999,0.00221
0.0015249999999999999,0.001735,0.00202
0.0013325000000000001,0.0016099999999999999,0.00193
0.001185,0.0014849999999999998,0.00187
0.001055,0.0013349999999999998,0.00179
0.0009449999999999999,0.001215,0.001735
0.000875,0.0011875,0.0017375
0.0007775,0.0011775,0.001745
0.0007250000000000001,0.0011625,0.0017725
0.0008274999999999999,0.00132,0.00196
0.001,0.0015800000000000002,0.0021825
0.001095,0.0017425,0.0023074999999999997
0.001155,0.0018774999999999998,0.002455
0.0012850000000000001,0.0020975,0.002735
0.0015574999999999999,0.00246,0.0031
0.0019325,0.00288,0.0034274999999999996
0.002415,0.0033,0.003775
0.0030675000000000003,0.003895,0.00438
0.003735,0.0046275,0.005135
0.0043825,0.005345,0.005877500000000001
0.0051125,0.0060775,0.0066
0.00585,0.0068,0.007275
0.006585000000000001,0.007514999999999999,0.007955
0.007330000000000001,0.0082325,0.0086475
0.007970000000000001,0.0088725,0.0092825
0.008497500000000002,0.009455,0.0098825
0.00906,0.010069999999999999,0.01054
0.0096425,0.0107425,0.011194999999999998
0.0101825,0.01139,0.0117775
0.010732499999999999,0.0119775,0.012272499999999999
0.0112775,0.012539999999999999,0.012732499999999999
0.0118275,0.0131825,0.013337499999999999
0.0124525,0.013892499999999999,0.014095
0.01315,0.0145875,0.014842500000000002
0.013859999999999999,0.015282500000000001,0.01556
0.014522499999999999,0.0159825,0.0162975
0.015095,0.0166625,0.017015
0.015655000000000002,0.017345,0.017657500000000003
0.0163225,0.018085000000000004,0.018314999999999998
0.0171525,0.018977499999999998,0.019125
0.0180025,0.019965,0.020014999999999998
0.018682499999999998,0.02081,0.0207925
0.01927,0.021497500000000003,0.0214575
0.0199725,0.022245,0.02215
0.020712500000000002,0.02309,0.022860000000000002
0.021367499999999998,0.0238875,0.023559999999999998
0.022032499999999997,0.0246425,0.024300000000000002
0.022829999999999996,0.025457499999999997,0.0251175
0.0237225,0.026380000000000004,0.025995
0.0245825,0.027315,0.02678
0.025495,0.0283,0.0276125
0.02659,0.02936,0.028640000000000002
0.02774,0.03033,0.0296175
0.028825,0.03125,0.030494999999999998
0.0298275,0.0322425,0.031395
0.030824999999999998,0.033285,0.0323125
0.0318525,0.034292500000000004,0.033197500000000005
0.032745,0.03514250000000001,0.0339275
0.03354,0.0358975,0.03457
0.034505,0.0367675,0.0353925
0.0355725,0.0376975,0.03631
0.0365325,0.038515,0.037125
0.03746000000000001,0.03934,0.037945000000000007
0.0383875,0.04022,0.038794999999999996
0.039275000000000004,0.04106,0.0395775
0.0401475,0.0418875,0.04028
0.0410075,0.0426875,0.0409125
0.0417475,0.0433375,0.0414675
0.042265000000000004,0.0437225,0.0418175
0.0426425,0.04395,0.041967500000000005
0.043000000000000003,0.044195,0.0421125
0.043335,0.0444325,0.0422875
0.043594999999999995,0.0445925,0.042370000000000005
0.0438,0.044625,0.0423575
0.0439925,0.0445925,0.042335000000000005
0.0439875,0.0444275,0.0421875
0.043725,0.044075,0.04181
0.043480000000000005,0.0437625,0.0414475
0.04334,0.043545,0.0411975
0.043179999999999996,0.04325,0.0408525
0.0429,0.0428075,0.040325
0.04245750000000001,0.042225000000000006,0.0397225
0.04196999999999999,0.0415975,0.039145
0.041457499999999994,0.04093,0.038517499999999996
0.0408275,0.04011,0.037762500000000004
0.04013,0.039215,0.036975
0.0395225,0.0385275,0.036337499999999995
0.039014999999999994,0.038025,0.03579
0.0384575,0.0374375,0.035205
0.03777,0.036684999999999995,0.03455
0.0371075,0.0358775,0.03387
0.03651,0.035124999999999997,0.0332275
0.0358625,0.034445,0.0325575
0.0351,0.0337775,0.03184
0.0343,0.033065,0.0311525
0.0335575,0.032369999999999996,0.030535
0.0328375,0.031744999999999995,0.02988
0.032064999999999996,0.03109,0.029192500000000003
0.031255,0.030385,0.028560000000000002
0.030465,0.029685,0.027915000000000002
0.029750000000000002,0.029017499999999998,0.02725
0.0291425,0.028484999999999996,0.02673
0.02867,0.02819,0.026382500000000003
0.0284125,0.0281625,0.026279999999999998
0.028409999999999998,0.028352500000000003,0.026500000000000003
0.0286025,0.028630000000000003,0.0268525
0.028935000000000002,0.028985000000000004,0.027190000000000002
0.029365,0.029427499999999995,0.02755
0.0297475,0.0298875,0.02795
0.0300575,0.030332500000000002,0.028335
0.030335,0.03066,0.0286375
0.030417499999999997,0.0307125,0.0287
0.0302175,0.030565,0.028527499999999997
0.0297725,0.030225,0.028195
0.0289825,0.02948,0.027460000000000002
0.0279275,0.028467500000000003,0.026375000000000003
0.02685,0.027457500000000003,0.02535
0.025787499999999998,0.0264075,0.024452500000000002
0.024555,0.02522,0.02348
0.023177499999999997,0.0239825,0.022365
0.021892500000000002,0.0228375,0.021240000000000002
0.02076,0.0218275,0.02026
0.0196625,0.020852500000000003,0.019360000000000002
0.0185675,0.019844999999999998,0.01842
0.0175625,0.0189425,0.0175175
0.01666,0.018195,0.016747500000000002
0.0157875,0.0174175,0.01603
0.014947499999999999,0.0165675,0.0153025
0.0141475,0.01573,0.01462
0.013465000000000001,0.015017500000000001,0.014037500000000001
0.0130625,0.0145775,0.0136125
0.012805,0.0142725,0.0132925
0.0125475,0.013972499999999999,0.013014999999999999
0.012315000000000001,0.013732500000000002,0.012782499999999999
0.01194,0.013407500000000001,0.0124425
0.011415,0.012955,0.01197
0.0110075,0.012645,0.011655
0.0106975,0.012465,0.011502499999999999
0.010415,0.0122375,0.011314999999999999
0.010239999999999999,0.01207,0.011154999999999998
0.0100375,0.0119025,0.0110525
0.009739999999999999,0.011657500000000001,0.0110025
0.0094275,0.0113925,0.0108925
0.009025,0.011025,0.0105225
0.008485,0.01052,0.0099525
0.0079025,0.0099675,0.009385
0.00741,0.0095125,0.008937500000000001
0.0071649999999999995,0.0092575,0.0087375
0.0070799999999999995,0.0091075,0.00868
0.00691,0.0089925,0.008545
0.006735,0.0089025,0.008405000000000001
0.0066549999999999995,0.008790000000000001,0.008400000000000001
0.006635,0.00874,0.008485000000000001
0.0066625,0.0088075,0.008515
0.0067025,0.008857499999999999,0.0084075
0.0067425,0.00885,0.0084075
0.0069099999999999995,0.0089325,0.0086575
0.0071475,0.0091625,0.008812500000000001
0.00732,0.00936,0.008822499999999999
0.007455,0.00949,0.0089775
0.0075675000000000004,0.009667499999999999,0.0092275
0.00771,0.009905,0.0093975
0.0080275,0.0102575,0.0096575
0.008455,0.0106925,0.010065
0.0088225,0.011017500000000001,0.0103525
0.009255,0.011317500000000001,0.010620000000000001
0.0095475,0.011532500000000001,0.0108275
0.0093475,0.011435,0.010625
0.009185,0.011367500000000001,0.01043
0.0093075,0.01142,0.010517499999999999
0.00937,0.0114,0.0105675
0.0093925,0.0113925,0.0105725
0.009385,0.0113525,0.010575000000000001
0.0093875,0.011222499999999998,0.010525
0.0094525,0.011175000000000001,0.01047
0.009322500000000001,0.0111325,0.0103275
0.0088825,0.010830000000000001,0.010065000000000001
0.0083775,0.0102525,0.00973
0.007995,0.009735,0.0093075
0.0076675,0.009402500000000001,0.0088825
0.00748,0.0092425,0.008735
0.00744,0.009215000000000001,0.008795
0.007215,0.009112499999999999,0.008629999999999999
0.006889999999999999,0.0089675,0.00833
0.0066525,0.008775,0.00813
0.00629,0.0083725,0.007877499999999999
0.005805,0.0078375,0.0075275
0.0054425,0.0074175000000000005,0.0072
0.00521,0.00724,0.0069225
0.004985,0.006985,0.0065875
0.004735,0.00653,0.006222499999999999
0.0045525,0.006295,0.006025000000000001
0.0045,0.0062775,0.00596
0.0044475,0.0061425,0.0058125
0.00423,0.0059074999999999996,0.0055925
0.004065,0.005835,0.0054875
0.0040999999999999995,0.005895,0.00552
0.004065,0.005805,0.00549
0.003952499999999999,0.0055525,0.0052725
0.003885,0.0053100000000000005,0.005030000000000001
0.0036525,0.005065,0.0048425000000000004
0.0032975,0.00485,0.004772500000000001
0.00319,0.00482,0.0048175
0.0032249999999999996,0.00489,0.0046875
0.00317,0.00486,0.004435
0.0030025,0.004695,0.004245
0.0026775,0.004325000000000001,0.003975
0.0024275,0.0038824999999999997,0.0036999999999999997
0.00251,0.00372,0.0036625
0.0027949999999999997,0.0039049999999999996,0.0039125
0.0031999999999999997,0.0042074999999999994,0.004295
0.0034525000000000003,0.004359999999999999,0.004517500000000001
0.0033499999999999997,0.0042825,0.0043575
0.0031025,0.00414,0.0039924999999999995
0.0029075000000000004,0.004035,0.003775
0.002835,0.0039175,0.0037725
0.00283,0.0038050000000000002,0.00381
0.0028450000000000003,0.00381,0.00389
0.0029475,0.0039475,0.004035
0.0030124999999999996,0.004025,0.0039825
0.003135,0.0041425,0.00394
0.0032475,0.0042075,0.0039675
0.0027549999999999996,0.00383,0.0035075
0.0020275,0.0034525000000000003,0.00299
0.00179,0.0034525,0.0029500000000000004
0.001895,0.0034475,0.00299
0.0019625,0.003315,0.002835
0.0018375000000000002,0.0031149999999999997,0.002585
0.0017875,0.0030074999999999998,0.0026049999999999997
0.002075,0.0032375,0.0030324999999999996
0.00228,0.0035050000000000003,0.003375
0.00206,0.0034825,0.0033475
0.0017725000000000002,0.0032825,0.0031525
0.001755,0.0031125,0.0030600000000000002
0.0020425,0.0032825,0.0032475
0.002435,0.0036575,0.00347
0.002395,0.003625,0.0032925
0.0022724999999999998,0.003395,0.0030525
0.0027025,0.003345,0.0032275000000000003
0.0030724999999999997,0.0037550000000000005,0.0033925000000000005
0.0032675,0.0036,0.00362
0.0030949999999999997,0.0034,0.0035225
0.0027775,0.0034875,0.003235
0.0027775,0.0035949999999999997,0.003255
0.0030625,0.0036275,0.0035525
0.0032525,0.0036075000000000005,0.0037675
0.0032500000000000003,0.0036475,0.0037925000000000003
0.0034825,0.00398,0.004025
0.0041075,0.0045850000000000005,0.0045775
0.004422499999999999,0.004829999999999999,0.004815
0.0038425,0.004255,0.0043625
0.00283,0.0034525,0.0037675
0.00221,0.0031625,0.0035475000000000003
0.002115,0.00307,0.0034850000000000003
0.0024025,0.0028975,0.00349
0.0029125,0.0029725,0.0037400000000000003
0.0032825,0.0031375,0.0038550000000000004
0.0032625,0.00298,0.0036249999999999998
0.003,0.0026675,0.003385
0.002845,0.0025675,0.00321
0.0030975,0.0027725,0.0031425
0.00378,0.0032075000000000003,0.0036725
0.004815,0.00311,0.0051325
0.005684999999999999,0.002175,0.0064825
0.00435,0.0044,0.0047725
0.0027974999999999996,0.006775,0.0029100000000000003
0.0047925,0.0017175000000000003,0.0054375
0.0043725,0.0023675,0.0049225
0.0034125,0.0034425000000000002,0.0038599999999999997
0.0027625,0.0027524999999999997,0.0032199999999999998
0.0022700000000000003,0.0016775000000000002,0.0027575
0.001975,0.00129,0.0023825
0.0022175,0.0016350000000000002,0.0023225
0.0029700000000000004,0.0025925,0.0028450000000000003
0.0037524999999999998,0.003945,0.00385
0.0043675,0.0046375,0.004855
0.004540000000000001,0.004565,0.005027500000000001
0.0041849999999999995,0.004027500000000001,0.0045874999999999996
0.003435,0.0033524999999999996,0.004045
0.00283,0.0027475,0.0036074999999999996
0.0026,0.0024324999999999998,0.0033650000000000004
0.002265,0.0023425,0.0031075
0.0020875,0.0025575000000000003,0.0029475
0.0027875,0.0032925000000000003,0.003345
0.0034549999999999997,0.0038025,0.00363
0.0028174999999999997,0.0030499999999999998,0.0028975
0.0023025,0.0022125,0.0025025
0.0027124999999999996,0.00245,0.0032624999999999998
0.00275,0.0028475,0.0036275000000000005
0.0027400000000000002,0.0028250000000000003,0.0032425000000000006
0.00319,0.0028000000000000004,0.002805
0.0031149999999999997,0.0025399999999999997,0.00228
0.0027624999999999998,0.0020775,0.0020125
0.0030375,0.00202,0.0024125
0.00297,0.001955,0.002495
0.0015049999999999998,0.0011125,0.0013325
0.00033500000000000007,0.00039749999999999996,0.00032250000000000003
0.0,0.00015,7.500000000000001e-05
0.0,0.0,0.0
